Glutamate metabolism,  Nitrogen metabolism,Coumarine and phenylpropanoid biosynthesis (Lignin subunit, 4comaryl alcohol)), Aminoacyl-tRNA biosynthesis,Alanine and aspartate metabolism, Arginine and proline metabolism,Urea cycle and metabolism of amino groups, Nitrogen metabolism, Glutamate metabolism, Urea cycle and metabolism of amino groups,Aminoacyl-tRNA biosynthesis,Non enzymatic reaction, Ascorbate and alderate metabolism, Fatty acid metabolism, Lysine degradation, Pyruvate metabolism, Synthesis and degradation of ketone bodies, Tryptophan metabolism, Butanoate metabolism,Benzoate degradation via CoA ligation," Valine, leucine and isoleucine degradation", Propanoate metabolism, Carbon fixation,Carbon fixation, Citrate cycle (TCA cycle), Reductive carboxylate cycle (CO2 fixation), Glyoxylate and dicarboxylate metabolism, Cyanoamino acid metabolism, Cysteine metabolism,Beta oxidation,Butanoate metabolism,Benzoate degradation via hydroxylation, Fluorene degradation, Styrene degradation, Inositol metabolism, Fructose and mannose metabolism, Glycolysis / Gluconeogenesis, Pentose phosphate pathway,Aminosugars metabolism,Arginine and proline metabolism, Porphyrin and chlorophyll metabolism, Tyrosine metabolism, Glutathione metabolism," Glycine, serine and threonine metabolism",Photorespiration, Glycerolipid metabolism,Glycerolipid metabolism, Glycerophospholipid metabolism,"Glycine, serine and threonine metabolism", Phosphatidylinositol signaling system, Methane metabolism, One carbon pool by folate,Cyanoamino acid metabolism,Glycerophospholipid metabolism,Fructose and mannose metabolism, Purine metabolism, Streptomycin biosynthesis, Starch and sucrose metabolism,Galactose metabolism," Valine, leucine and isoleucine biosynthesis",Citrate cycle (TCA cycle)," Glyoxylate and dicarboxylate metabolism, photorespiration", Histidine metabolism, Inositol phosphate metabolism,Ascorbate and aldarate metabolism, Lysine biosynthesis,Lysine biosynthesis,Glyoxylate and dicarboxylate metabolism, Methionine metabolism, Nicotinate and nicotinamide metabolism, Phenylalanine metabolism,Alkaloid biosynthesis II," Phenylalanine, tyrosine and tryptophan biosynthesis", Novobiocin biosynthesis,Alkaloid biosynthesis I, Nucleotide sugars metabolism,Starch and sucrose metabolism, Pentose and glucuronate interconversions,Methane metabolism,Methionine metabolism,Purine metabolism, One carbon pool by folate (histidine),Nicotinate and nicotinamide metabolism, Pantothenate and CoA biosynthesis, Riboflavin metabolism,Nucleotide sugars metabolism,Glycolysis / Gluconeogenesis,Glutathione metabolism,Phenylalanine metabolism," Phenylalanine, tyrosine and tryptophan biosynthesis Phenylalanine, tyrosine and tryptophan biosynthesis",Inositol phosphate metabolism, Polyunsaturated fatty acid biosynthesis,Fatty acid biosynthesis,Pentose phosphate pathway,Pyrimidine metabolism, beta-Alanine metabolism,Pantothenate and CoA biosynthesis, Pyrimidine metabolism,One carbon pool by folate,Propanoate metabolism, Sinapyl alcohol)), pathway not found, Sinapyl alcohol)) Phenylpropanoid biosynthesis,Pentose and glucuronate interconversions," Stilbene, coumarine and lignin biosynthesis", Sulfur metabolism,Cysteine metabolism,Biosynthesis of steroids, Terpenoid biosynthesis,Indole and ipecac alkaloid biosynthesis,N-Glycan biosynthesis,Lysine degradation,Styrene degradation,Pyruvate metabolism,"Valine, leucine and isoleucine biosynthesis", coniferyl alcohol)),Phenylpropanoid biosynthesis,"Valine, leucine and isoleucine biosynthesis (&quot",&quot,leucine),),leucine&quot,(Transmembrane) Ascorbate and aldarate metabolism,"1,1,1-Trichloro-2,2-bis(4-chlorophenyl)ethane (DDT) degradation","1,4-Dichlorobenzene degradation",1- and 2-Methylnaphthalene degradation,2-phosphoglycerate transporter,4-Coumaryl alcohol drain,ADP transporter,AMP transporter,ATP and NADPH generate from light (overall reaction in chloroplast),ATP drain,ATP transporter,Acetate transporter,Alanine drain,Alanine transport,Aminophosphonate metabolism,Androgen and estrogen metabolism,Anthocyanin biosynthesis,Arachidonic acid metabolism,Arginine drain,Asparagine drain,Aspartate drain,Aspartate transport,Aspartate transporter,Bile acid biosynthesis,Biomass synthesis (Leaf),Biotin metabolism,Brassinosteroid biosynthesis,C21-Steroid hormone metabolism,CO2 fixation,CO2 transport,CO2 transporter,CTP drain,Caffeine metabolism,Caprolactam degradation,Carotenoid biosynthesis - General,Catalase/peroxidase,Cellulose drain,Citrate transporter,CoA,Cofactors and Vitamins Pool,Coniferyl alcohol drain,Cysteine drain,Diterpenoid biosynthesis,Ether lipid metabolism,Ether lipid metabolism New!,Ethylbenzene degradation,FA biomass drain,Fatty accid in plastid,Fatty acid metabolism,Fatty acid transporter(for beta oxidation),Ferredoxin transhydrogenase,Flavonoid biosynthesis,Fluorene degradation,Fluorobenzoate degradation,Folate biosynthesis,Fructose drain,Fructose transport,GTP drain,Geraniol degradation,Gluconeogenesis,Glucose drain,Glucose isomeres,Glucose translocator,Glucose transport,Glutamate drain,Glutamate translocator,Glutamate transport,Glutamate transporter,Glutamine drain,Glutamine transport,Glutamine transporter,Glycerate transport,Glycine drain,Glycine transport,Glycine transporter,"Glycine, serine and threonine metabolism, photorespiration",Glycolate transporter,Glycolysis,Glycosaminoglycan degradation,Glycosphingolipid biosynthesis - ganglioseries,Glycosphingolipid biosynthesis - globoseries,Glycosphingolipid biosynthesis - lactoseries,Glycosphingolipid biosynthesis - neo-lactoseries,Glycosylphosphatidylinositol(GPI)-anchor biosynthesis,H2O transport,H2O transporter,H2S transport,Histidine drain,Histidine metabolism,Inositol metabolism,Isocitrate transporter,Isoleucine drain,L-Citrulline transporter,L-Ornithine transporter,Leucine drain,Limonene and pinene degradation,Lipoic acid metabolism,Lipopolysaccharide biosynthesis,Lysine drain,Malate transporter,Malate transporter/Dicarboxylate translocator,Maltose transporter,Mehionine drain,Metabolism of xenobiotics by cytochrome P450,Monoterpenoid biosynthesis,NH3 transport,Naphthalene and anthracene degradation,Nitrate assimilation (NO3),Nitrate transporter,Nitrite transporter,Nitrobenzene degradation,Nitrogen metabolism,Nitrogen metabolism (precursor for arginine),Oxaloacetate transporter,Oxidative phosphorilation (overall in mitochondria),Oxigen transport,Peptidoglycan biosynthesis,Phenylalanine drain,"Phenylalanine, tyrosine and tryptophan biosynthesis","Phenylalanine, tyrosine and tryptophan biosynthesis (phenylalanine)","Phenylalanine, tyrosine and tryptophan biosynthesis (triptophan)","Phenylalanine, tyrosine and tryptophan biosynthesis (tyrosine)","Phenylalanine, tyrosine and tryptophan biosynthesis Phenylalanine, tyrosine and tryptophan biosynthesis (phenylalanine)",Phosphate transport,Phosphate transporter/Dicarboxylate translocator,Polyunsaturated fatty acid biosynthesis,Porphyrin and chlorophyll metabolism,Proline drain,Proton transporter,Purine metabolism (histidine),Pyrophosphate hydrolysis,Pyruvate transporter,Retinol metabolism,Riboflavin metabolism,Selenoamino acid metabolism,Serine drain,Serine transport,Serine transporter,Sinapyl alcohol drain,Sphingolipid metabolism,Starch drain,"Stilbene, coumarine and lignin biosynthesis",Streptomycin biosynthesis,Succinate transporter,Sucrose drain,Sucrose exported,Sucrose transporter,Sulfate transporter,Sulfate transporter (SO4)-2,Sulfur metabolism,TCA cycle,Taurine and hypotaurine metabolism,Terpenoid biosynthesis,ThPP transporter,Thiamine metabolism,Threonine drain,Triose phosphate translocator (3-phosphoglycerate),Triose phosphate translocator (G3P),Triose phosphate trasnlocator (glyceroneP),Tryptophan drain,Tryptophan metabolism,Tyrosine drain,Tyrosine metabolism,UTP drain,Ubiquinone biosynthesis,Valine drain,"Valine, leucine and isoleucine degradation",Vitamin B6 metabolism,Xylose drain (Hemicellulose),Zeatin biosynthesis,alpha-D-Glucose 6-phosphate transporter,alpha-Linolenic acid metabolism,alpha-ketoglutarate translocator,alpha-ketoglutarate transporters,beta-Alanine metabolism,dATP drain,dCTP drain,dGTP drain,dTTP drain,gamma-Hexachlorocyclohexane degradation,pathway not found,phosphoenolpyruvate transporter,photons
R00093_p_Day,R00093_p_Day,R01615_c_Day,R01615_c_Day,R03038_c_Day,R03038_c_Day,R00149_c_Day,R00149_c_Day,R00149_c_Day,R00149_c_Day,R01954_c_Day,R03661_c_Day,RN01_c_Day,RN06_c_Day,R00238_m_Day,R00238_m_Day,R00238_m_Day,R00238_m_Day,R00238_m_Day,R00238_m_Day,R00238_m_Day,R00238_m_Day,R00238_m_Day,R00355_m_Day,R00341_c_Day,R00341_c_Day,R00342_p_Day,R00342_p_Day,R00485_c_Day,R03650_c_Day,R04737_x_Day,R03026_x_Day,R00750_c_Day,R00750_c_Day,R00750_c_Day,R01015_c_Day,R01015_c_Day,R01015_c_Day,R01070N_p_Day,R02058_c_Day,R00243_c_Day,R05578_c_Day,R00713_c_Day,R00115_c_Day,R01514_p_Day,R01514_p_Day,R01514_p_Day,R02239_c_Day,R02239_c_Day,R01021_c_Day,R02240_c_Day,R00945_m_Day,R00945_m_Day,R00945_m_Day,R02055_c_Day,R04780_c_Day,R00200_p_Day,R00959_c_Day,R00959_c_Day,R00959_c_Day,R00014_c_Day,R00351_m_Day,R01388_x_Day,R03655_c_Day,R01184_c_Day,R01184_c_Day,R00480_c_Day,R00716_c_Day,R00519_x_Day,R01920_c_Day,R00257_c_Day,R00697_c_Day,R00697_c_Day,R00734_c_Day,R00734_c_Day,R00734_c_Day,R03928_c_Day,R03928_c_Day,R00289_c_Day,R01224_c_Day,R00946_c_Day,R04560_c_Day,R04560_c_Day,R00103_c_Day,R00103_c_Day,R00103_c_Day,R00286_c_Day,R02739_c_Day,R02736_p_Day,R00694_c_Day,R00694_c_Day,R05202_c_Day,R07763_c_Day,R07763_c_Day,R01049_c_Day,R00155_c_Day,R00905_c_Day,R00905_c_Day,R00905_c_Day,R02101_c_Day,R00742_c_Day,R02220_c_Day,R07440_c_Day,R07440_c_Day,R02362_c_Day,R02253_c_Day,R00529_c_Day,R00586_c_Day,R01123_c_Day,R01123_c_Day,R03738_c_Day,R05555_c_Day,R02488_c_Day,R02519_c_Day,R01213_c_Day,R01090_c_Day,R03366_c_Day,R07437_c_Day,R01652_c_Day,R01652_c_Day,R01652_c_Day,R03968_c_Day,R03968_c_Day,R00095_tmx_Day,R05376_c_Day,R07779_c_Day,R06920_c_Day,TCP5_Day,Bc26_Day,TCM12_Day,TCM13_Day,REner01_p_Day,Bc35_Day,TCM11_Day,TCM18_Day,Bc7_Day,Ex9_Day,R05201_c_Day,R03408_c_Day,R07874_c_Day,R07034_c_Day,Bc18_Day,Bc25_Day,Bc8_Day,Ex8_Day,TCM5_Day,R04805_c_Day,BIO_L_Day,R03231_c_Day,R07452_c_Day,R04839_c_Day,TCP2_Day,Ex1_Day,TCM17_Day,Bc37_Day,R07978_c_Day,R06940_c_Day,R07570_c_Day,R00009_x_Day,Bc3_Day,TCX14_Day,TCM16_Day,V0008_Day,Bc27_Day,Bc13_Day,R06337_c_Day,R04162_c_Day,R04360_c_Day,R05506_c_Day,Bc30_Day,TCP31_Day,R04738_x_Day,TCX7_Day,R05875_p_Day,R06537_c_Day,R07804_c_Day,R08121_c_Day,R03067_c_Day,Bc29_Day,Ex14_Day,Bc36_Day,R08091_c_Day,R01788_c_Day,Bc1_Day,RN03_p_Day,TCP1_Day,Ex13_Day,Bc6_Day,TCX5_Day,Ex6_Day,TCM6_Day,Bc17_Day,Ex7_Day,TCP27_Day,TCX13_Day,Bc9_Day,TCX1_Day,TCM9_Day,R00372_x_Day,TCP17_Day,R04779_p_Day,R07807_c_Day,R06010_c_Day,R05963_c_Day,R06156_c_Day,R06024_c_Day,R05922_c_Day,TCP19_Day,TCX11_Day,Ex11_Day,Bc21_Day,R04037_c_Day,R00705_c_Day,TCX16_Day,Bc16_Day,TCM32_Day,TCP29_Day,Bc15_Day,R06414_c_Day,R07768_c_Day,R03254_c_Day,Bc20_Day,TCV2_Day,TCM2_Day,Ex15_Day,Bc12_Day,R07025_c_Day,R02006_c_Day,TCP14_Day,R07687_c_Day,Ex4_Day,TCV3_Day,TCP15_Day,R05648_c_Day,R03546_c_Day,R01395_c_Day,TCP12_Day,RN04_m_Day,TCP25_Day,R05032_c_Day,Bc22_Day,R01826_c_Day,R01373N_c_Day,R01728_c_Day,R03509_c_Day,R03084_c_Day,Ex18_Day,TCM3_Day,R08191_c_Day,R03197_c_Day,Bc19_Day,TCX18_Day,R01127_c_Day,R00004_c_Day,TCP3_Day,R08383_c_Day,R00425_c_Day,R04928_c_Day,Bc10_Day,Ex10_Day,TCX2_Day,Bc28_Day,R02978_c_Day,Bc4_Day,R02194_c_Day,R06513_c_Day,TCM29_Day,Bc2_Day,Ex17_Day,TCV4_Day,TCP13_Day,Ex12_Day,R00859_c_Day,R07618_m_Day,R01682_c_Day,R06223_c_Day,TCM26_Day,R04509_c_Day,Bc11_Day,TCP9_Day,TCP7_Day,TCP8_Day,Bc24_Day,R02173_c_Day,Bc23_Day,R04880_c_Day,Bc38_Day,R04982_c_Day,Bc14_Day,R04095_c_Day,R02493_c_Day,Bc5_Day,R08052_c_Day,TCP6_Day,R07868_c_Day,TCP18_Day,TCM8_Day,R03139_c_Day,Bc31_Day,Bc33_Day,Bc32_Day,Bc34_Day,R05265_c_Day,R08240_c_Day,TCP4_Day,Ex16_Day
R00115_c_Day,,R02220_c_Day,,R05577_c_Day,R05577_c_Day,R01954_c_Day,R00149_p_Day,R00149_p_Day,R00149_p_Day,R01086_c_Day,R03646_c_Day,RN06_c_Day,,R00238_c_Day,R00238_c_Day,R00238_c_Day,R00238_c_Day,R00238_c_Day,R00238_c_Day,R00238_c_Day,R00238_c_Day,R00238_c_Day,R00355_c_Day,R00342_p_Day,R00342_p_Day,R00342_m_Day,R00342_m_Day,,,R04743_x_Day,R00261_c_Day,R03966_c_Day,R03966_c_Day,,R01015_p_Day,R01070N_p_Day,R01070N_p_Day,R01070N_c_Day,R00768_c_Day,R00243_m_Day,,R00734_c_Day,R00894_c_Day,R03663_c_Day,R01221_m_Day,,R00851_c_Day,R00851_c_Day,R01388_x_Day,R05202_c_Day,R00945_c_Day,R00945_c_Day,R00945_c_Day,R01802_c_Day,R04780_p_Day,R00200_c_Day,R01786_c_Day,R01786_c_Day,R01786_c_Day,R03656_c_Day,R01900_x_Day,,,,R00640_c_Day,R03658N_c_Day,R00715_c_Day,R01655_c_Day,R00178_c_Day,,R00694_c_Day,R02832_c_Day,R02918_c_Day,,R00736_c_Day,R05775_c_Day,R01384_c_Day,R01529_p_Day,R06983_c_Day,R00650_c_Day,R00529_c_Day,,R03540_c_Day,,,R04937_c_Day,R02740_c_Day,R02736_c_Day,R02253_c_Day,,R01186_c_Day,R07764_c_Day,R07764_c_Day,R01528_p_Day,R00157_c_Day,R00978_c_Day,R00978_c_Day,R00575_m_Day,R02300_c_Day,R00742_p_Day,R02379_c_Day,R07437_c_Day,,R01639_c_Day,,R00586_c_Day,R00897_c_Day,R01658_c_Day,R03738_c_Day,R05825_c_Day,R06262_c_Day,R04313_c_Day,R01364_c_Day,R01736_c_Day,R04440_c_Day,R02950_c_Day,R07443_c_Day,R03968_c_Day,R03968_c_Day,,R04001_c_Day,R04001_c_Day,R00644_tmx_Day,R05395_c_Day,,R06925_c_Day,,,TCP21_Day,TCX9_Day,,,TCX8_Day,,,,R04247_c_Day,R04764_c_Day,R07911_c_Day,R07035_c_Day,,,,,,R04506_c_Day,,R01078_c_Day,R07451_c_Day,R03847_c_Day,,,,,R07979_c_Day,R06942_c_Day,R07840_c_Day,,,TCM4_Day,TCX19_Day,V0005_Day,,,R06291_c_Day,,R07384_c_Day,R05352_c_Day,,,R01280_x_Day,,R01195_p_Day,R06541_c_Day,R05494_c_Day,R08105_c_Day,R04241_c_Day,,,,R08093_c_Day,R01788_p_Day,,RN03_c_Day,,,,,,TCP23_Day,,,TCM22_Day,TCP24_Day,,,,,TCX3_Day,R04779_c_Day,R07816_c_Day,R06004_c_Day,R05961_c_Day,R06170_c_Day,R06041_c_Day,R05916_c_Day,Ex2_Day,TCM20_Day,,,R03013_c_Day,,,,TCP30_Day,TCM31_Day,,R06402_c_Day,R07766_c_Day,R05074_c_Day,,TCP11_Day,TCX6_Day,TCP16_Day,,R07094_c_Day,R05765_c_Day,TCM28_Day,R07706_c_Day,,,,R05657_c_Day,R00132N_c_Day,,TCM7_Day,RN05_m_Day,TCX12_Day,R05662_c_Day,,R00691_c_Day,R06847_c_Day,,,,,TCM19_Day,R08182_c_Day,R03845_c_Day,,TCP22_Day,,,TCM1_Day,R02124_c_Day,R03458_c_Day,R04773_c_Day,,,TCM10_Day,,R01281_c_Day,,R01942_c_Day,,TCX15_Day,,,,TCV1_Day,,R00533_c_Day,,R02466_c_Day,R06447_c_Day,,R07460_c_Day,,,,,,R03093_c_Day,,R04134_c_Day,,R06858_c_Day,,R07601_c_Day,R05085_c_Day,,R08053_c_Day,,R07891_c_Day,TCX4_Day,,R02869_c_Day,,,,,R06853_c_Day,R08310_c_Day,,
R00894_c_Day,,R02379_c_Day,,R03648_c_Day,R03648_c_Day,R01086_c_Day,R00259_c_Day,R00485_c_Day,R00355_m_Day,R00243_c_Day,R03650_c_Day,,,R00238_p_Day,R00238_p_Day,R00238_p_Day,R00238_p_Day,R00238_p_Day,R00238_p_Day,R00238_p_Day,R00238_p_Day,R00238_p_Day,R00258_p_Day,R00342_m_Day,R00342_m_Day,R00342_x_Day,R00342_x_Day,,,R04748_x_Day,R00713_c_Day,R04223_c_Day,R04223_c_Day,,,R01015_p_Day,R01015_p_Day,R04780_c_Day,R01966_c_Day,R01920_c_Day,,R02519_c_Day,R00497_c_Day,R00945_m_Day,,,R02241_c_Day,R02241_c_Day,R00480_c_Day,R01186_c_Day,R00519_x_Day,R03940_c_Day,R00540_c_Day,R01799_c_Day,R02732_c_Day,R00103_c_Day,R00959_p_Day,R00959_p_Day,R00959_p_Day,R03657N_c_Day,R00351_x_Day,,,,R07679N_c_Day,R01773_c_Day,R07613_c_Day,R00943_c_Day,R03940_c_Day,,,R06735_c_Day,R03660_c_Day,,R03341_c_Day,R00502_c_Day,R01433_c_Day,R01529_c_Day,R00602_c_Day,R04405_c_Day,R00509_c_Day,,R02323_c_Day,,,R02771_c_Day,R02739_p_Day,R00267_m_Day,R00698_c_Day,,R03361_c_Day,R07765_c_Day,R07765_c_Day,R01830_p_Day,R03055_c_Day,R02269_c_Day,R02269_c_Day,R02101_c_Day,R01222_c_Day,R00935_c_Day,,,,R01432_c_Day,,R00897_c_Day,R03104_c_Day,R02003_c_Day,R05555_c_Day,,R05556_c_Day,R03283_c_Day,R07855_c_Day,R00219_c_Day,R04441_c_Day,R02193_c_Day,R07442_c_Day,R04001_c_Day,R04001_c_Day,,,,,R05492_c_Day,,R06917_c_Day,,,,,,,TCP20_Day,,,,R04053_c_Day,R02351_c_Day,,R02581_c_Day,,,,,,R04811_c_Day,,R03209_c_Day,R07454_c_Day,R02834_c_Day,,,,,R07981_c_Day,,R07554_c_Day,,,TCV5_Day,,V0001_Day,,,R06326_c_Day,,R06364_c_Day,,,,R04744_x_Day,,,R06610_c_Day,,R08120_c_Day,R03066_c_Day,,,,R08095_c_Day,,,,,,,,,,,,,,,,,,,,R07809_c_Day,,R05968_c_Day,,R06031_c_Day,R05919_c_Day,,,,,R04065_c_Day,,,,,,,R06405_c_Day,R07767_c_Day,R04658_c_Day,,,,,,R07116_c_Day,R05766_c_Day,Ex5_Day,R07700_c_Day,,,,,R00790_p_Day,,TCX17_Day,,TCM27_Day,R05030_c_Day,,R01714_c_Day,,,,,,TCX10_Day,R08192_c_Day,R05618_c_Day,,TCM21_Day,,,,R08379_c_Day,R04457_c_Day,R04944_c_Day,,,,,R06518_c_Day,,R03918_c_Day,,,,,,,,R02021_c_Day,,R01687_c_Day,R02873_c_Day,,R03472_c_Day,,,,,,R04903_c_Day,,R03943_c_Day,,R04711_c_Day,,R03172_c_Day,R00174_c_Day,,R08076_c_Day,,R07899_c_Day,,,R00924_c_Day,,,,,R06854_c_Day,R08228_c_Day,,
R00497_c_Day,,R07440_c_Day,,,R01954_c_Day,R03661_c_Day,R02283_c_Day,R00243_c_Day,R00355_c_Day,R00243_m_Day,R03652N_c_Day,,,R00238_x_Day,R00238_x_Day,R00238_x_Day,R00238_x_Day,R00238_x_Day,R00238_x_Day,R00238_x_Day,R00238_x_Day,R00238_x_Day,R00355_p_Day,R00342_x_Day,R00342_x_Day,R00342_c_Day,R00342_c_Day,,,R04739_x_Day,R00014_c_Day,R00829_c_Day,,,,R01070N_c_Day,R01070N_c_Day,R04780_p_Day,R02086_c_Day,R00178_c_Day,,R00736_c_Day,,R02055_c_Day,,,R02240_c_Day,R01021_c_Day,R01773_c_Day,R03361_c_Day,,R01655_c_Day,R03542_c_Day,R01470_c_Day,R01818_c_Day,R01231_c_Day,R01185_c_Day,R00289_c_Day,R00502_c_Day,R01214_c_Day,R01325_x_Day,,,,R07673_c_Day,R02291_c_Day,R02735_c_Day,R00944_c_Day,R01290_c_Day,,,R06740_c_Day,,,,R01384_c_Day,R00026_c_Day,R00286_c_Day,,R03217_c_Day,R00131_c_Day,,R04292_c_Day,,,R02984_c_Day,R02740_p_Day,R00494_c_Day,R02613_c_Day,,R04513_c_Day,,R04726_c_Day,R01051_c_Day,R01549_c_Day,R00233_c_Day,R01214_c_Day,R01397_c_Day,R04326_c_Day,R00233_c_Day,,,,R02361_c_Day,,R00509_c_Day,R03132_c_Day,R02061_c_Day,R01658_c_Day,,R06258_c_Day,R01940_c_Day,,R00316_m_Day,R04673_c_Day,,R07441_c_Day,,,,,,,R05396_c_Day,,R06907_c_Day,,,,,,,,,,,R04920_c_Day,R03087_c_Day,,R03057_c_Day,,,,,,R04546_c_Day,,R03210_c_Day,R07457_c_Day,,,,,,R07942_c_Day,,R07856_c_Day,,,,,V0003_Day,,,R06293_c_Day,,R07385_c_Day,,,,R03991_x_Day,,,R06536_c_Day,,,R04242_c_Day,,,,,,,,,,,,,,,,,,,,,,,,R07810_c_Day,,,,R06085N_c_Day,,,,,,R03457_c_Day,,,,,,,R06404_c_Day,R07769_c_Day,R04567_c_Day,,,,,,R07093_c_Day,,,R07688_c_Day,,,,,R00021_p_Day,,,,Ex3_Day,R05033_c_Day,,R02413_c_Day,,,,,,TCP26_Day,R08183_c_Day,R03877_c_Day,,,,,,,R03459_c_Day,R04771_c_Day,,,,,R02464_c_Day,,R03919_c_Day,,,,,,,,R00508_c_Day,,,,,R00619_c_Day,,,,,,R04910_c_Day,,R00737_c_Day,,R05617_c_Day,,R07602_c_Day,R01909_c_Day,,R08075_c_Day,,R07889_c_Day,,,R00904_c_Day,,,,,R03024_c_Day,R08245_c_Day,,
R00257_c_Day,,R03366_c_Day,,,R01086_c_Day,RN01_c_Day,R03313_c_Day,R00243_m_Day,R00258_p_Day,R01920_c_Day,R05578_c_Day,,,R04737_x_Day,R03026_x_Day,R00341_c_Day,R01978_c_Day,R03026_x_Day,,R05579_c_Day,R01978_c_Day,,R00258_c_Day,R00342_c_Day,R00342_c_Day,R01900_x_Day,R01514_p_Day,,,R01975_x_Day,R01978_c_Day,R01303_c_Day,,,,,R04780_c_Day,R01529_p_Day,R00415_c_Day,R01248_c_Day,,R01364_c_Day,,R00945_c_Day,,,R05775_c_Day,R02240_c_Day,R02291_c_Day,R04513_c_Day,,R00943_c_Day,R03970_c_Day,R07376_c_Day,R01819_c_Day,R01083_c_Day,R00840_c_Day,R00103_c_Day,R00289_c_Day,R01213_c_Day,R01082_m_Day,,,,R04784_c_Day,,R02734_c_Day,R01220_c_Day,R01001_c_Day,,,R06736_c_Day,,,,R01433_c_Day,R00028_p_Day,,,R01286_c_Day,R02749_c_Day,,R03348_c_Day,,,R04938_c_Day,R00710_c_Day,R01262_c_Day,R01372_c_Day,,R01185_c_Day,,R04536_p_Day,R01737_c_Day,R01665_c_Day,R02473_c_Day,R02473_c_Day,R00575_c_Day,R02301_c_Day,R03045_c_Day,,,,R07413_c_Day,,,R02619_c_Day,R00702_c_Day,R02003_c_Day,,R06263_c_Day,R03284_c_Day,,R00236_c_Day,R05070_c_Day,,R03075_c_Day,,,,,,,,,R06908_c_Day,,,,,,,,,,,,R04757_c_Day,,R03867_c_Day,,,,,,R03719_c_Day,,R04869_c_Day,R07450_c_Day,,,,,,R07977_c_Day,,R07561_c_Day,,,,,V0002_Day,,,R06297_c_Day,,R04361_c_Day,,,,R03857N_x_Day,,,R08002_c_Day,,,R03504_c_Day,,,,,,,,,,,,,,,,,,,,,,,,,,,,R06035_c_Day,,,,,,R04640_c_Day,,,,,,,R06415_c_Day,,R03351_c_Day,,,,,,R07024_c_Day,,,R07697_c_Day,,,,,R01221_c_Day,,,,,R05027_c_Day,,R00986_c_Day,,,,,,TCP10_Day,R08175_c_Day,R03165_c_Day,,,,,,,R00548_c_Day,R04945_c_Day,,,,,R06516_c_Day,,R03367_c_Day,,,,,,,,,,,,,R00615_c_Day,,,,,,R04172_c_Day,,R04885_c_Day,,R07263_c_Day,,R03869_c_Day,R05086_c_Day,,R08054_c_Day,,R07892_c_Day,,,,,,,,,R08227_c_Day,,
R00253_p_Day,,R02950_c_Day,,,R00355_m_Day,R03646_c_Day,R02649_c_Day,R01001_c_Day,R00355_p_Day,R01248_c_Day,R03663_c_Day,,,R04743_x_Day,R00716_c_Day,R00342_p_Day,R01360_c_Day,R03664_c_Day,,R05625_c_Day,R01360_c_Day,,,R01015_c_Day,,R01325_x_Day,R00351_m_Day,,,R04745_x_Day,R01360_c_Day,,,,,,R04780_p_Day,R01529_c_Day,R01206_c_Day,R00667_c_Day,,,,R03654_c_Day,,,R02691_c_Day,,R01290_c_Day,R01185_c_Day,,R01224_c_Day,R01409_c_Day,R02029_c_Day,R00890_c_Day,R01072_c_Day,,R00286_c_Day,R00291_c_Day,R03665_c_Day,R00352_c_Day,,,,R04515_c_Day,,R04475_c_Day,R00472_x_Day,R03659N_c_Day,,,R04027_c_Day,,,,R00289_c_Day,R02112N_p_Day,,,R00999_c_Day,R02103_c_Day,,R03346_c_Day,,,,R00703_c_Day,R00251_c_Day,R05841_c_Day,,R03362_c_Day,,R01706_p_Day,R02035_c_Day,R02484_c_Day,R03045_c_Day,R00130_c_Day,R00978_c_Day,R00936_c_Day,R00926_c_Day,,,,R02360_c_Day,,,R02408_c_Day,R01121_c_Day,R02061_c_Day,,R05970N_c_Day,R02571_c_Day,,R02530_c_Day,R05071_c_Day,,R03323_c_Day,,,,,,,,,R06905_c_Day,,,,,,,,,,,,,,,,,,,,R04592_c_Day,,R03182_c_Day,R07455_c_Day,,,,,,,,R07531_c_Day,,,,,V0004_Day,,,R03809_c_Day,,,,,,R03858_x_Day,,,R05035_c_Day,,,R02235_c_Day,,,,,,,,,,,,,,,,,,,,,,,,,,,,R06086_c_Day,,,,,,R01071_c_Day,,,,,,,R06412_c_Day,,R03350_c_Day,,,,,,R07092_c_Day,,,,,,,,R00132N_m_Day,,,,,R05028_c_Day,,R02722_c_Day,,,,,,,R08174_c_Day,R06266_c_Day,,,,,,,R00549_c_Day,R04929_c_Day,,,,,R06519_c_Day,,R04004_c_Day,,,,,,,,,,,,,R03223_c_Day,,,,,,R02671_c_Day,,R02518_c_Day,,R04990_c_Day,,R05066_c_Day,,,R08051_c_Day,,R07890_c_Day,,,,,,,,,R08306_c_Day,,
R00114_c_Day,,R02193_c_Day,,,R00355_c_Day,R00149_p_Day,R00669_c_Day,R00253_p_Day,R00258_c_Day,R00131_c_Day,R03654_c_Day,,,R04748_x_Day,R00715_c_Day,R00342_m_Day,,R02488_c_Day,,R05586_c_Day,R01214_c_Day,,,R01070N_p_Day,,R00345_c_Day,R01900_x_Day,,,R04741_x_Day,R03050_c_Day,,,,,,R00200_p_Day,R01056_p_Day,R02334_c_Day,R00551_c_Day,,,,R03662_c_Day,,,R06867_c_Day,,R01001_c_Day,R03362_c_Day,,R04125_c_Day,R01887_c_Day,R07377_c_Day,R00888_c_Day,R01135_c_Day,,R02740_c_Day,R01101_c_Day,,R01197_m_Day,,,,R07675_c_Day,,R04365_c_Day,R03140_p_Day,,,,,,,,R00291_c_Day,R01982_c_Day,,,R01777_c_Day,R02748_c_Day,,R03347_c_Day,,,,R01518_p_Day,R04951_c_Day,,,R01187_c_Day,,R08161_c_Day,R01830_c_Day,R02485_c_Day,R00489_c_Day,R00006_c_Day,R02269_c_Day,,R00179_c_Day,,,,,,,R00782_c_Day,R04803_c_Day,,,R05979_c_Day,R02313_c_Day,,R00236_m_Day,R04426_c_Day,,R07436_c_Day,,,,,,,,,R06927_c_Day,,,,,,,,,,,,,,,,,,,,R04547_c_Day,,R01078N_c_Day,R07458_c_Day,,,,,,,,R07851_c_Day,,,,,V0007_Day,,,R03806_c_Day,,,,,,R04747_x_Day,,,R05038_c_Day,,,R04639N_c_Day,,,,,,,,,,,,,,,,,,,,,,,,,,,,R06027_c_Day,,,,,,R01163_c_Day,,,,,,,R06401_c_Day,,,,,,,,R07023_c_Day,,,,,,,,R00794_c_Day,,,,,,,R02412_c_Day,,,,,,,R07760_c_Day,R03194_c_Day,,,,,,,R07281_c_Day,R04772_c_Day,,,,,R04019_c_Day,,R02596_c_Day,,,,,,,,,,,,,R00616_c_Day,,,,,,R02670_c_Day,,R04300_c_Day,,R05616_c_Day,,R01702_c_Day,,,R08055_c_Day,,R07869_c_Day,,,,,,,,,R08244_c_Day,,
R00253_m_Day,,,,,R00258_p_Day,,R02282_c_Day,R00540_c_Day,R00261_c_Day,R00667_c_Day,R03662_c_Day,,,R04739_x_Day,,R00342_x_Day,,,,R05595_c_Day,R01090_c_Day,,,R01015_p_Day,,R01082_m_Day,R00351_x_Day,,,,R05119_c_Day,,,,,,R00959_c_Day,R02739_c_Day,R00416_c_Day,R01398_p_Day,,,,R00369_c_Day,,,R01036_c_Day,,R04125_c_Day,R01187_c_Day,,R00946_c_Day,R02811_c_Day,R02051_c_Day,R02731_c_Day,R01049_c_Day,,R02740_p_Day,R01104_c_Day,,R01324_m_Day,,,,R07674_c_Day,,R04198_c_Day,R01334_p_Day,,,,,,,,,R00028_c_Day,,,R01287_c_Day,R00187_c_Day,,R00481_c_Day,,,,R01518_c_Day,R03916_c_Day,,,R03393_c_Day,,R04952_c_Day,R02750_c_Day,R00970_c_Day,,R01226_c_Day,,,R04432_c_Day,,,,,,,R04859_c_Day,R05688_c_Day,,,R05973_c_Day,,,R00344_c_Day,R05068_c_Day,,R01941_c_Day,,,,,,,,,,,,,,,,,,,,,,,,,,,,,,,,R07453_c_Day,,,,,,,,R07916_c_Day,,,,,V0006_Day,,,R03008_c_Day,,,,,,R03990N_x_Day,,,R03123_c_Day,,,R02237_c_Day,,,,,,,,,,,,,,,,,,,,,,,,,,,,,,,,,,R01167_c_Day,,,,,,,R06370_c_Day,,,,,,,,R07002_c_Day,,,,,,,,R00132N_p_Day,,,,,,,R03083_c_Day,,,,,,,R08184_c_Day,R04972_c_Day,,,,,,,R00066_c_Day,R03601_c_Day,,,,,R01495_c_Day,,R02952_c_Day,,,,,,,,,,,,,R04448_c_Day,,,,,,R04906_c_Day,,R03674_c_Day,,R02166_c_Day,,R07604_c_Day,,,,,R07888_c_Day,,,,,,,,,R08233_c_Day,,
R00253_c_Day,,,,,R00355_p_Day,,R03443_c_Day,R00114_c_Day,R02058_c_Day,R00551_c_Day,R03655_c_Day,,,R01975_x_Day,,R00342_c_Day,,,,R05583_c_Day,R00935_c_Day,,,R01070N_c_Day,,R00267_m_Day,R01325_x_Day,,,,R02946_c_Day,,,,,,R01063_p_Day,R02740_c_Day,R00100_c_Day,R01398_m_Day,,,,,,,R03616_c_Day,,R01771_c_Day,R03393_c_Day,,R00944_c_Day,R04949_c_Day,R02038_c_Day,R01326_c_Day,R00155_c_Day,,R02362_c_Day,R01679_c_Day,,R00405_m_Day,,,,R00068_c_Day,,R02292_c_Day,R00475_x_Day,,,,,,,,,R02737_c_Day,,,R00192_c_Day,R00776_c_Day,,R00047_c_Day,,,,R00658_c_Day,R08363_c_Day,,,R03469_c_Day,,R04961_p_Day,R02035_p_Day,R02094_c_Day,,R01209_c_Day,,,R02940_c_Day,,,,,,,R00896_c_Day,R07509_c_Day,,,R05983_c_Day,,,,R05069_c_Day,,R07826_c_Day,,,,,,,,,,,,,,,,,,,,,,,,,,,,,,,,R07448_c_Day,,,,,,,,R07569_c_Day,,,,,,,,R02068_c_Day,,,,,,R03777N_x_Day,,,R02442_c_Day,,,R00428_c_Day,,,,,,,,,,,,,,,,,,,,,,,,,,,,,,,,,,R01159_c_Day,,,,,,,R06411_c_Day,,,,,,,,R07003_c_Day,,,,,,,,R00790_c_Day,,,,,,,R01073_c_Day,,,,,,,R08179_c_Day,R06286_c_Day,,,,,,,,R04935_c_Day,,,,,R03355_c_Day,,R02221_c_Day,,,,,,,,,,,,,,,,,,,R02912_c_Day,,R04777_c_Day,,R02175_c_Day,,R03174_c_Day,,,,,R07865_c_Day,,,,,,,,,R08281_c_Day,,
R01231_c_Day,,,,,R00258_c_Day,,R00239_c_Day,R00253_m_Day,R00243_c_Day,R01398_p_Day,R03658N_c_Day,,,R04745_x_Day,,R00200_p_Day,,,,R05593_c_Day,,,,R00200_p_Day,,R00352_c_Day,,,,,R01976_c_Day,,,,,,R01061_c_Day,R02739_p_Day,R00022_c_Day,R01398_c_Day,,,,,,,R01752_c_Day,,R02529_c_Day,R03469_c_Day,,R01220_c_Day,R03971_c_Day,R00848_c_Day,R00867_c_Day,,,,R03634_c_Day,,R01324_c_Day,,,,R07672_c_Day,,R00451_c_Day,R00479_x_Day,,,,,,,,,R05196N_p_Day,,,R00177_c_Day,R01560_c_Day,,R01724_c_Day,,,,R00754_c_Day,R08359_c_Day,,,R03427_c_Day,,R04963_p_Day,R01827_p_Day,R01870_c_Day,,R03051_c_Day,,,R01000_c_Day,,,,,,,R02435_c_Day,R07499_c_Day,,,R06264_c_Day,,,,R00994_c_Day,,,,,,,,,,,,,,,,,,,,,,,,,,,,,,,,,,R07445_c_Day,,,,,,,,R07562_c_Day,,,,,,,,R03807_c_Day,,,,,,R04170_x_Day,,,R04276_c_Day,,,R05046_c_Day,,,,,,,,,,,,,,,,,,,,,,,,,,,,,,,,,,R04558_c_Day,,,,,,,R06366_c_Day,,,,,,,,R07091_c_Day,,,,,,,,,,,,,,,R01715_c_Day,,,,,,,R08189_c_Day,R06284_c_Day,,,,,,,,R04936_c_Day,,,,,,,R04257_c_Day,,,,,,,,,,,,,,,,,,,R03955_c_Day,,R01645_c_Day,,R01717_c_Day,,R07600_c_Day,,,,,R07893_c_Day,,,,,,,,,R08231_c_Day,,
R01072_c_Day,,,,,R00485_c_Day,,,R00253_c_Day,R03652N_c_Day,R01398_m_Day,R03940_c_Day,,,R04741_x_Day,,R00200_c_Day,,,,R05591_c_Day,,,,R01063_p_Day,,R01197_m_Day,,,,,R04254_c_Day,,,,,,R00014_c_Day,R01641_p_Day,R08193_c_Day,R00135_c_Day,,,,,,,R04377_c_Day,,R02566_c_Day,R01802_c_Day,,,,R01321_c_Day,R00883_c_Day,,,,R03418_c_Day,,R00621_m_Day,,,,R02957_c_Day,,,,,,,,,,,,R00806_c_Day,,,R07396_c_Day,R02019_c_Day,,,,,,R00755_c_Day,R03522_c_Day,,,R00840_c_Day,,R04535_p_Day,R01528_c_Day,R02092_c_Day,,R03269_c_Day,,,R01354_c_Day,,,,,,,R02433_c_Day,R05341_c_Day,,,R05972N_c_Day,,,,R02199_c_Day,,,,,,,,,,,,,,,,,,,,,,,,,,,,,,,,,,R07447_c_Day,,,,,,,,R07850_c_Day,,,,,,,,R05092_c_Day,,,,,,R04751N_x_Day,,,R07990_c_Day,,,R05553_c_Day,,,,,,,,,,,,,,,,,,,,,,,,,,,,,,,,,,R03012_c_Day,,,,,,,R06413_c_Day,,,,,,,,R07070_c_Day,,,,,,,,,,,,,,,R02340_c_Day,,,,,,,R08180_c_Day,R06895_c_Day,,,,,,,,R03600_c_Day,,,,,,,R01943_c_Day,,,,,,,,,,,,,,,,,,,R01933_c_Day,,R02521_c_Day,,R08165_c_Day,,R01701_c_Day,,,,,R07870_c_Day,,,,,,,,,R08280_c_Day,,
R00575_m_Day,,,,,R00369_c_Day,,,R00697_c_Day,R05578_c_Day,R01398_c_Day,R03659N_c_Day,,,R03026_x_Day,,R00216_p_Day,,,,,,,,R01061_c_Day,,,,,,,R04254_p_Day,,,,,,R00200_c_Day,R01641_c_Day,R01961_c_Day,R05052_c_Day,,,,,,,R00847_c_Day,,R07409_c_Day,R03427_c_Day,,,,R01468_c_Day,R00875_c_Day,,,,R01678_c_Day,,R00709_m_Day,,,,R00095_c_Day,,,,,,,,,,,,R00948_p_Day,,,R01288_c_Day,R00332_c_Day,,,,,,R01602_c_Day,R00899_c_Day,,,,,R01624_p_Day,R01057_c_Day,R00571_c_Day,,,,,,,,,,,,,R07483_c_Day,,,R05976_c_Day,,,,R04672_c_Day,,,,,,,,,,,,,,,,,,,,,,,,,,,,,,,,,,R07449_c_Day,,,,,,,,R07559_c_Day,,,,,,,,R06322_c_Day,,,,,,R00623_c_Day,,,R08032_c_Day,,,R00942_c_Day,,,,,,,,,,,,,,,,,,,,,,,,,,,,,,,,,,R04035_c_Day,,,,,,,,,,,,,,,R07084_c_Day,,,,,,,,,,,,,,,R03508_c_Day,,,,,,,R08177_c_Day,R06267_c_Day,,,,,,,,R04941_c_Day,,,,,,,R04998_c_Day,,,,,,,,,,,,,,,,,,,R04094_c_Day,,R02382_c_Day,,R04993_c_Day,,R04137_c_Day,,,,,R07896_c_Day,,,,,,,,,R08221_c_Day,,
R00575_c_Day,,,,,R00578_c_Day,,,R00578_c_Day,R00768_c_Day,,R02918_c_Day,,,,,R00742_c_Day,,,,,,,,R00200_c_Day,,,,,,,R04254_x_Day,,,,,,R01512_c_Day,R02736_p_Day,,R05050_c_Day,,,,,,,R04470_c_Day,,R01466_c_Day,R01799_c_Day,,,,R01310_c_Day,R02568_c_Day,,,,R04783_c_Day,,R00408_c_Day,,,,R00889_c_Day,,,,,,,,,,,,R02108_p_Day,,,R02026_c_Day,R00335_c_Day,,,,,,R03270_c_Day,R08364_c_Day,,,,,R04969_c_Day,R01827_c_Day,R01055_c_Day,,,,,,,,,,,,,R02874_c_Day,,,R01009_c_Day,,,,,,,,,,,,,,,,,,,,,,,,,,,,,,,,,,,,,,R07430_c_Day,,,,,,,,R07556_c_Day,,,,,,,,R06338_c_Day,,,,,,R04754N_x_Day,,,R06539_c_Day,,,R04638_c_Day,,,,,,,,,,,,,,,,,,,,,,,,,,,,,,,,,,R02150_c_Day,,,,,,,,,,,,,,,R07083_c_Day,,,,,,,,,,,,,,,R01373_c_Day,,,,,,,R07759_c_Day,R03220_c_Day,,,,,,,,R04946_c_Day,,,,,,,R02255_c_Day,,,,,,,,,,,,,,,,,,,R02678_c_Day,,R02080_c_Day,,R04983_c_Day,,R00927_c_Day,,,,,R07894_c_Day,,,,,,,,,R08238_c_Day,,
R03651N_m_Day,,,,,R01083_c_Day,,,,R00243_m_Day,,R03660_c_Day,,,,,R00214_c_Day,,,,,,,,R01512_c_Day,,,,,,,R04254_m_Day,,,,,,R01512_p_Day,R02740_p_Day,,R04008_c_Day,,,,,,,,,R03425_m_Day,,,,,R02057_c_Day,R00887N_c_Day,,,,R02411_c_Day,,R00408_m_Day,,,,R07678_c_Day,,,,,,,,,,,,R03920_c_Day,,,R04858_c_Day,R01677_c_Day,,,,,,R00658_p_Day,,,,,,R04968_p_Day,,R02018_c_Day,,,,,,,,,,,,,R02245_c_Day,,,R01004_c_Day,,,,,,,,,,,,,,,,,,,,,,,,,,,,,,,,,,,,,,R07431_c_Day,,,,,,,,R07558_c_Day,,,,,,,,R06292_c_Day,,,,,,R04749_x_Day,,,R07996_c_Day,,,R01716_c_Day,,,,,,,,,,,,,,,,,,,,,,,,,,,,,,,,,,R03243_c_Day,,,,,,,,,,,,,,,R07113_c_Day,,,,,,,,,,,,,,,R03460_c_Day,,,,,,,R08185_c_Day,R04237_c_Day,,,,,,,,R04939_c_Day,,,,,,,R04686_c_Day,,,,,,,,,,,,,,,,,,,,,,,R06860_c_Day,,R02661_c_Day,,,,,R07887_c_Day,,,,,,,,,R08237_c_Day,,
,,,,,R01135_c_Day,,,,R00713_c_Day,,R03664_c_Day,,,,,R02320_c_Day,,,,,,,,R01512_p_Day,,,,,,,,,,,,,R01061_p_Day,R02736_c_Day,,R00566_c_Day,,,,,,,,,R04173_c_Day,,,,,R06869_c_Day,R00878_c_Day,,,,R02410_c_Day,,R03316N_m_Day,,,,,,,,,,,,,,,,R03527_c_Day,,,R03260_c_Day,R01232_c_Day,,,,,,R03321_c_Day,,,,,,R04955_p_Day,,R02097_c_Day,,,,,,,,,,,,,R06961_c_Day,,,R05982_c_Day,,,,,,,,,,,,,,,,,,,,,,,,,,,,,,,,,,,,,,R07429_c_Day,,,,,,,,R07572_c_Day,,,,,,,,R06336_c_Day,,,,,,R02487_c_Day,,,R06535_c_Day,,,R04621_c_Day,,,,,,,,,,,,,,,,,,,,,,,,,,,,,,,,,,,,,,,,,,,,,,,,,R07105_c_Day,,,,,,,,,,,,,,,R00985_c_Day,,,,,,,R07950_c_Day,R03222_c_Day,,,,,,,,,,,,,,,R04007_c_Day,,,,,,,,,,,,,,,,,,,,,,,R06859_c_Day,,R07599_c_Day,,,,,R07898_c_Day,,,,,,,,,R08266_c_Day,,
,,,,,R01397_c_Day,,,,,,R03656_c_Day,,,,,R00710_c_Day,,,,,,,,R01061_p_Day,,,,,,,,,,,,,R01786_c_Day,R01056_c_Day,,R01252_c_Day,,,,,,,,,R00582_c_Day,,,,,R01801_c_Day,R05692_c_Day,,,,R01092_c_Day,,R02570N_m_Day,,,,,,,,,,,,,,,,R03921_c_Day,,,,R04463_c_Day,,,,,,R01600_c_Day,,,,,,R04533_p_Day,,R01415_c_Day,,,,,,,,,,,,,R06963_c_Day,,,R06128_c_Day,,,,,,,,,,,,,,,,,,,,,,,,,,,,,,,,,,,,,,R07444_c_Day,,,,,,,,R07568_c_Day,,,,,,,,R06295_c_Day,,,,,,R01175N_x_Day,,,R02446_c_Day,,,R05048_c_Day,,,,,,,,,,,,,,,,,,,,,,,,,,,,,,,,,,,,,,,,,,,,,,,,,R07069_c_Day,,,,,,,,,,,,,,,,,,,,,,R08176_c_Day,R07412_c_Day,,,,,,,,,,,,,,,R02593_c_Day,,,,,,,,,,,,,,,,,,,,,,,,,R04204_c_Day,,,,,R07864_c_Day,,,,,,,,,R08235_c_Day,,
,,,,,R00209_p_Day,,,,,,R03657N_c_Day,,,,,R00343_p_Day,,,,,,,,R01529_p_Day,,,,,,,,,,,,,R00959_p_Day,,,R01151_c_Day,,,,,,,,,R02565_c_Day,,,,,R02037_c_Day,,,,,R01105_c_Day,,R02164_p_Day,,,,,,,,,,,,,,,,R05196N_c_Day,,,,R03530_c_Day,,,,,,,,,,,,R04535_c_Day,,R00513_c_Day,,,,,,,,,,,,,R07502_c_Day,,,R06261_c_Day,,,,,,,,,,,,,,,,,,,,,,,,,,,,,,,,,,,,,,,,,,,,,,R07530_c_Day,,,,,,,,R06294_c_Day,,,,,,R04746_x_Day,,,R06534_c_Day,,,R03503_c_Day,,,,,,,,,,,,,,,,,,,,,,,,,,,,,,,,,,,,,,,,,,,,,,,,,R07026_c_Day,,,,,,,,,,,,,,,,,,,,,,R08186_c_Day,R00036_c_Day,,,,,,,,,,,,,,,R01616_c_Day,,,,,,,,,,,,,,,,,,,,,,,,,R02662_c_Day,,,,,R07895_c_Day,,,,,,,,,R08243_c_Day,,
,,,,,R00209_m_Day,,,,,,R03665_c_Day,,,,,R00343_m_Day,,,,,,,,R01529_c_Day,,,,,,,,,,,,,,,,R03291_c_Day,,,,,,,,,R03815_c_Day,,,,,R06868_c_Day,,,,,R03635_c_Day,,,,,,,,,,,,,,,,,,R02887_c_Day,,,,R02720_c_Day,,,,,,,,,,,,R04957_c_Day,,R01876_c_Day,,,,,,,,,,,,,R07507_c_Day,,,R05969_c_Day,,,,,,,,,,,,,,,,,,,,,,,,,,,,,,,,,,,,,,,,,,,,,,,,,,,,,,R05097_c_Day,,,,,,R04740_x_Day,,,R05037_c_Day,,,R00937_c_Day,,,,,,,,,,,,,,,,,,,,,,,,,,,,,,,,,,,,,,,,,,,,,,,,,R07004_c_Day,,,,,,,,,,,,,,,,,,,,,,R07761_c_Day,R00084_c_Day,,,,,,,,,,,,,,,,,,,,,,,,,,,,,,,,,,,,,,,,R04225_c_Day,,,,,R07897_c_Day,,,,,,,,,,,
,,,,,R00489_c_Day,,,,,,,,,,,R00703_c_Day,,,,,,,,R01056_p_Day,,,,,,,,,,,,,,,,R00245_c_Day,,,,,,,,,R00996_c_Day,,,,,R06872_c_Day,,,,,R01329_c_Day,,,,,,,,,,,,,,,,,,R00308_c_Day,,,,R01618_c_Day,,,,,,,,,,,,R04957_p_Day,,R02332_c_Day,,,,,,,,,,,,,R07481_c_Day,,,R05984_c_Day,,,,,,,,,,,,,,,,,,,,,,,,,,,,,,,,,,,,,,,,,,,,,,,,,,,,,,R06323_c_Day,,,,,,R01177_x_Day,,,R02157_c_Day,,,,,,,,,,,,,,,,,,,,,,,,,,,,,,,,,,,,,,,,,,,,,,,,,,,,R07100_c_Day,,,,,,,,,,,,,,,,,,,,,,R08190_c_Day,R07411_c_Day,,,,,,,,,,,,,,,,,,,,,,,,,,,,,,,,,,,,,,,,R04138_c_Day,,,,,R07863_c_Day,,,,,,,,,,,
,,,,,R03647_c_Day,,,,,,,,,,,R00209_p_Day,,,,,,,,R01641_p_Day,,,,,,,,,,,,,,,,R01986_c_Day,,,,,,,,,R00610_c_Day,,,,,R00842_c_Day,,,,,R05549_c_Day,,,,,,,,,,,,,,,,,,R00802_c_Day,,,,R03925_c_Day,,,,,,,,,,,,R04965_c_Day,,R00517_c_Day,,,,,,,,,,,,,R03245_c_Day,,,R06259_c_Day,,,,,,,,,,,,,,,,,,,,,,,,,,,,,,,,,,,,,,,,,,,,,,,,,,,,,,R06296_c_Day,,,,,,R01279_x_Day,,,R02160_c_Day,,,,,,,,,,,,,,,,,,,,,,,,,,,,,,,,,,,,,,,,,,,,,,,,,,,,,,,,,,,,,,,,,,,,,,,,,,R07934_c_Day,R06265_c_Day,,,,,,,,,,,,,,,,,,,,,,,,,,,,,,,,,,,,,,,,R04097_c_Day,,,,,,,,,,,,,,,,
,,,,,,,,,,,,,,,,R00472_x_Day,,,,,,,,R01641_c_Day,,,,,,,,,,,,,,,,,,,,,,,,,R00588_x_Day,,,,,R01030_c_Day,,,,,R01103_c_Day,,,,,,,,,,,,,,,,,,R02889_c_Day,,,,R02557_c_Day,,,,,,,,,,,,R01626_p_Day,,R01548_c_Day,,,,,,,,,,,,,R07484_c_Day,,,R01005_c_Day,,,,,,,,,,,,,,,,,,,,,,,,,,,,,,,,,,,,,,,,,,,,,,,,,,,,,,,,,,,,R03778_x_Day,,,R07988_c_Day,,,,,,,,,,,,,,,,,,,,,,,,,,,,,,,,,,,,,,,,,,,,,,,,,,,,,,,,,,,,,,,,,,,,,,,,,,R08178_c_Day,R02272_c_Day,,,,,,,,,,,,,,,,,,,,,,,,,,,,,,,,,,,,,,,,R07603_c_Day,,,,,,,,,,,,,,,,
,,,,,,,,,,,,,,,,R00206_p_Day,,,,,,,,R01056_c_Day,,,,,,,,,,,,,,,,,,,,,,,,,R01513_c_Day,,,,,R01890_c_Day,,,,,R00801_c_Day,,,,,,,,,,,,,,,,,,R00805_c_Day,,,,R01244_c_Day,,,,,,,,,,,,R01706_c_Day,,R00156_c_Day,,,,,,,,,,,,,R06965_c_Day,,,,,,,,,,,,,,,,,,,,,,,,,,,,,,,,,,,,,,,,,,,,,,,,,,,,,,,,,,,,,,,R04742_x_Day,,,R03124_c_Day,,,,,,,,,,,,,,,,,,,,,,,,,,,,,,,,,,,,,,,,,,,,,,,,,,,,,,,,,,,,,,,,,,,,,,,,,,R08273_c_Day,R03678_c_Day,,,,,,,,,,,,,,,,,,,,,,,,,,,,,,,,,,,,,,,,R04224_c_Day,,,,,,,,,,,,,,,,
,,,,,,,,,,,,,,,,R00345_c_Day,,,,,,,,R00216_p_Day,,,,,,,,,,,,,,,,,,,,,,,,,,,,,,R02756_c_Day,,,,,R02926_c_Day,,,,,,,,,,,,,,,,,,R01791_c_Day,,,,R01134_c_Day,,,,,,,,,,,,R04958_p_Day,,R02093_c_Day,,,,,,,,,,,,,R01451_c_Day,,,,,,,,,,,,,,,,,,,,,,,,,,,,,,,,,,,,,,,,,,,,,,,,,,,,,,,,,,,,,,,R00631_c_Day,,,R03640_c_Day,,,,,,,,,,,,,,,,,,,,,,,,,,,,,,,,,,,,,,,,,,,,,,,,,,,,,,,,,,,,,,,,,,,,,,,,,,R08181_c_Day,R00310_c_Day,,,,,,,,,,,,,,,,,,,,,,,,,,,,,,,,,,,,,,,,R02198_c_Day,,,,,,,,,,,,,,,,
,,,,,,,,,,,,,,,,R00209_m_Day,,,,,,,,R00214_c_Day,,,,,,,,,,,,,,,,,,,,,,,,,,,,,,,,,,,,,,,,,,,,,,,,,,,,,R02886_c_Day,,,,R00719_c_Day,,,,,,,,,,,,R04954_p_Day,,R00966_c_Day,,,,,,,,,,,,,R02082_c_Day,,,,,,,,,,,,,,,,,,,,,,,,,,,,,,,,,,,,,,,,,,,,,,,,,,,,,,,,,,,,,,,,,,R06556_c_Day,,,,,,,,,,,,,,,,,,,,,,,,,,,,,,,,,,,,,,,,,,,,,,,,,,,,,,,,,,,,,,,,,,,,,,,,,,R08187_c_Day,R04109_c_Day,,,,,,,,,,,,,,,,,,,,,,,,,,,,,,,,,,,,,,,,,,,,,,,,,,,,,,,,
,,,,,,,,,,,,,,,,R00742_p_Day,,,,,,,,R02320_c_Day,,,,,,,,,,,,,,,,,,,,,,,,,,,,,,,,,,,,,,,,,,,,,,,,,,,,,R00766_c_Day,,,,R02425_c_Day,,,,,,,,,,,,R04566_p_Day,,R00963_c_Day,,,,,,,,,,,,,R05634_c_Day,,,,,,,,,,,,,,,,,,,,,,,,,,,,,,,,,,,,,,,,,,,,,,,,,,,,,,,,,,,,,,,,,,R07998_c_Day,,,,,,,,,,,,,,,,,,,,,,,,,,,,,,,,,,,,,,,,,,,,,,,,,,,,,,,,,,,,,,,,,,,,,,,,,,R08188_c_Day,,,,,,,,,,,,,,,,,,,,,,,,,,,,,,,,,,,,,,,,,,,,,,,,,,,,,,,,,
,,,,,,,,,,,,,,,,,,,,,,,,R00343_p_Day,,,,,,,,,,,,,,,,,,,,,,,,,,,,,,,,,,,,,,,,,,,,,,,,,,,,,R02110_p_Day,,,,R01245_c_Day,,,,,,,,,,,,R04537_c_Day,,R00964_c_Day,,,,,,,,,,,,,R01457_c_Day,,,,,,,,,,,,,,,,,,,,,,,,,,,,,,,,,,,,,,,,,,,,,,,,,,,,,,,,,,,,,,,,,,R07993_c_Day,,,,,,,,,,,,,,,,,,,,,,,,,,,,,,,,,,,,,,,,,,,,,,,,,,,,,,,,,,,,,,,,,,,,,,,,,,,,,,,,,,,,,,,,,,,,,,,,,,,,,,,,,,,,,,,,,,,,,,,,,,,,,,,,,,,
,,,,,,,,,,,,,,,,,,,,,,,,R00343_m_Day,,,,,,,,,,,,,,,,,,,,,,,,,,,,,,,,,,,,,,,,,,,,,,,,,,,,,R00948_c_Day,,,,R04208_c_Day,,,,,,,,,,,,R04543_c_Day,,R00569_c_Day,,,,,,,,,,,,,R07500_c_Day,,,,,,,,,,,,,,,,,,,,,,,,,,,,,,,,,,,,,,,,,,,,,,,,,,,,,,,,,,,,,,,,,,R07987_c_Day,,,,,,,,,,,,,,,,,,,,,,,,,,,,,,,,,,,,,,,,,,,,,,,,,,,,,,,,,,,,,,,,,,,,,,,,,,,,,,,,,,,,,,,,,,,,,,,,,,,,,,,,,,,,,,,,,,,,,,,,,,,,,,,,,,,
,,,,,,,,,,,,,,,,,,,,,,,,R00206_p_Day,,,,,,,,,,,,,,,,,,,,,,,,,,,,,,,,,,,,,,,,,,,,,,,,,,,,,R02421_p_Day,,,,R00190_c_Day,,,,,,,,,,,,R04724_c_Day,,R00570_c_Day,,,,,,,,,,,,,R04787_c_Day,,,,,,,,,,,,,,,,,,,,,,,,,,,,,,,,,,,,,,,,,,,,,,,,,,,,,,,,,,,,,,,,,,R07999_c_Day,,,,,,,,,,,,,,,,,,,,,,,,,,,,,,,,,,,,,,,,,,,,,,,,,,,,,,,,,,,,,,,,,,,,,,,,,,,,,,,,,,,,,,,,,,,,,,,,,,,,,,,,,,,,,,,,,,,,,,,,,,,,,,,,,,,
,,,,,,,,,,,,,,,,,,,,,,,,R00345_c_Day,,,,,,,,,,,,,,,,,,,,,,,,,,,,,,,,,,,,,,,,,,,,,,,,,,,,,R00951_c_Day,,,,R00429_c_Day,,,,,,,,,,,,R04952_p_Day,,R02100_c_Day,,,,,,,,,,,,,R07486_c_Day,,,,,,,,,,,,,,,,,,,,,,,,,,,,,,,,,,,,,,,,,,,,,,,,,,,,,,,,,,,,,,,,,,R03126_c_Day,,,,,,,,,,,,,,,,,,,,,,,,,,,,,,,,,,,,,,,,,,,,,,,,,,,,,,,,,,,,,,,,,,,,,,,,,,,,,,,,,,,,,,,,,,,,,,,,,,,,,,,,,,,,,,,,,,,,,,,,,,,,,,,,,,,
,,,,,,,,,,,,,,,,,,,,,,,,R01829_c_Day,,,,,,,,,,,,,,,,,,,,,,,,,,,,,,,,,,,,,,,,,,,,,,,,,,,,,R02778_c_Day,,,,R00185_c_Day,,,,,,,,,,,,R04965_p_Day,,R01880_c_Day,,,,,,,,,,,,,R07503_c_Day,,,,,,,,,,,,,,,,,,,,,,,,,,,,,,,,,,,,,,,,,,,,,,,,,,,,,,,,,,,,,,,,,,R01613_c_Day,,,,,,,,,,,,,,,,,,,,,,,,,,,,,,,,,,,,,,,,,,,,,,,,,,,,,,,,,,,,,,,,,,,,,,,,,,,,,,,,,,,,,,,,,,,,,,,,,,,,,,,,,,,,,,,,,,,,,,,,,,,,,,,,,,,
,,,,,,,,,,,,,,,,,,,,,,,,R01523_p_Day,,,,,,,,,,,,,,,,,,,,,,,,,,,,,,,,,,,,,,,,,,,,,,,,,,,,,R00010_c_Day,,,,R00328_c_Day,,,,,,,,,,,,R08158_c_Day,,R01666_c_Day,,,,,,,,,,,,,R03199_c_Day,,,,,,,,,,,,,,,,,,,,,,,,,,,,,,,,,,,,,,,,,,,,,,,,,,,,,,,,,,,,,,,,,,R07997_c_Day,,,,,,,,,,,,,,,,,,,,,,,,,,,,,,,,,,,,,,,,,,,,,,,,,,,,,,,,,,,,,,,,,,,,,,,,,,,,,,,,,,,,,,,,,,,,,,,,,,,,,,,,,,,,,,,,,,,,,,,,,,,,,,,,,,,
,,,,,,,,,,,,,,,,,,,,,,,,R01068N_p_Day,,,,,,,,,,,,,,,,,,,,,,,,,,,,,,,,,,,,,,,,,,,,,,,,,,,,,R02111_p_Day,,,,R00183_c_Day,,,,,,,,,,,,R04954_c_Day,,R02016_c_Day,,,,,,,,,,,,,R05636_c_Day,,,,,,,,,,,,,,,,,,,,,,,,,,,,,,,,,,,,,,,,,,,,,,,,,,,,,,,,,,,,,,,,,,R04901_c_Day,,,,,,,,,,,,,,,,,,,,,,,,,,,,,,,,,,,,,,,,,,,,,,,,,,,,,,,,,,,,,,,,,,,,,,,,,,,,,,,,,,,,,,,,,,,,,,,,,,,,,,,,,,,,,,,,,,,,,,,,,,,,,,,,,,,
,,,,,,,,,,,,,,,,,,,,,,,,R01845_p_Day,,,,,,,,,,,,,,,,,,,,,,,,,,,,,,,,,,,,,,,,,,,,,,,,,,,,,R01719_c_Day,,,,R01229_c_Day,,,,,,,,,,,,R04724_p_Day,,R01664_c_Day,,,,,,,,,,,,,R04798_c_Day,,,,,,,,,,,,,,,,,,,,,,,,,,,,,,,,,,,,,,,,,,,,,,,,,,,,,,,,,,,,,,,,,,R05723_c_Day,,,,,,,,,,,,,,,,,,,,,,,,,,,,,,,,,,,,,,,,,,,,,,,,,,,,,,,,,,,,,,,,,,,,,,,,,,,,,,,,,,,,,,,,,,,,,,,,,,,,,,,,,,,,,,,,,,,,,,,,,,,,,,,,,,,
,,,,,,,,,,,,,,,,,,,,,,,,R01829_p_Day,,,,,,,,,,,,,,,,,,,,,,,,,,,,,,,,,,,,,,,,,,,,,,,,,,,,,,,,,R00961_c_Day,,,,,,,,,,,,R04953_p_Day,,R00573_c_Day,,,,,,,,,,,,,R05884_c_Day,,,,,,,,,,,,,,,,,,,,,,,,,,,,,,,,,,,,,,,,,,,,,,,,,,,,,,,,,,,,,,,,,,R06611_c_Day,,,,,,,,,,,,,,,,,,,,,,,,,,,,,,,,,,,,,,,,,,,,,,,,,,,,,,,,,,,,,,,,,,,,,,,,,,,,,,,,,,,,,,,,,,,,,,,,,,,,,,,,,,,,,,,,,,,,,,,,,,,,,,,,,,,
,,,,,,,,,,,,,,,,,,,,,,,,R00024_p_Day,,,,,,,,,,,,,,,,,,,,,,,,,,,,,,,,,,,,,,,,,,,,,,,,,,,,,,,,,R02088_c_Day,,,,,,,,,,,,R04428_p_Day,,R02327_c_Day,,,,,,,,,,,,,R03824_c_Day,,,,,,,,,,,,,,,,,,,,,,,,,,,,,,,,,,,,,,,,,,,,,,,,,,,,,,,,,,,,,,,,,,R06538_c_Day,,,,,,,,,,,,,,,,,,,,,,,,,,,,,,,,,,,,,,,,,,,,,,,,,,,,,,,,,,,,,,,,,,,,,,,,,,,,,,,,,,,,,,,,,,,,,,,,,,,,,,,,,,,,,,,,,,,,,,,,,,,,,,,,,,,
,,,,,,,,,,,,,,,,,,,,,,,,R01523_c_Day,,,,,,,,,,,,,,,,,,,,,,,,,,,,,,,,,,,,,,,,,,,,,,,,,,,,,,,,,R02556_c_Day,,,,,,,,,,,,R04953_c_Day,,R02296_c_Day,,,,,,,,,,,,,R06960_c_Day,,,,,,,,,,,,,,,,,,,,,,,,,,,,,,,,,,,,,,,,,,,,,,,,,,,,,,,,,,,,,,,,,,R06540_c_Day,,,,,,,,,,,,,,,,,,,,,,,,,,,,,,,,,,,,,,,,,,,,,,,,,,,,,,,,,,,,,,,,,,,,,,,,,,,,,,,,,,,,,,,,,,,,,,,,,,,,,,,,,,,,,,,,,,,,,,,,,,,,,,,,,,,
,,,,,,,,,,,,,,,,,,,,,,,,R00762_p_Day,,,,,,,,,,,,,,,,,,,,,,,,,,,,,,,,,,,,,,,,,,,,,,,,,,,,,,,,,R06601_c_Day,,,,,,,,,,,,R04429_p_Day,,R02091_c_Day,,,,,,,,,,,,,R04671_c_Day,,,,,,,,,,,,,,,,,,,,,,,,,,,,,,,,,,,,,,,,,,,,,,,,,,,,,,,,,,,,,,,,,,R08082_c_Day,,,,,,,,,,,,,,,,,,,,,,,,,,,,,,,,,,,,,,,,,,,,,,,,,,,,,,,,,,,,,,,,,,,,,,,,,,,,,,,,,,,,,,,,,,,,,,,,,,,,,,,,,,,,,,,,,,,,,,,,,,,,,,,,,,,
,,,,,,,,,,,,,,,,,,,,,,,,R01845_c_Day,,,,,,,,,,,,,,,,,,,,,,,,,,,,,,,,,,,,,,,,,,,,,,,,,,,,,,,,,R04378_c_Day,,,,,,,,,,,,R04537_p_Day,,R00514_c_Day,,,,,,,,,,,,,R02872_c_Day,,,,,,,,,,,,,,,,,,,,,,,,,,,,,,,,,,,,,,,,,,,,,,,,,,,,,,,,,,,,,,,,,,R03636_c_Day,,,,,,,,,,,,,,,,,,,,,,,,,,,,,,,,,,,,,,,,,,,,,,,,,,,,,,,,,,,,,,,,,,,,,,,,,,,,,,,,,,,,,,,,,,,,,,,,,,,,,,,,,,,,,,,,,,,,,,,,,,,,,,,,,,,
,,,,,,,,,,,,,,,,,,,,,,,,R00762_c_Day,,,,,,,,,,,,,,,,,,,,,,,,,,,,,,,,,,,,,,,,,,,,,,,,,,,,,,,,,R01967_c_Day,,,,,,,,,,,,R04543_p_Day,,R01567_c_Day,,,,,,,,,,,,,R07487_c_Day,,,,,,,,,,,,,,,,,,,,,,,,,,,,,,,,,,,,,,,,,,,,,,,,,,,,,,,,,,,,,,,,,,R05039_c_Day,,,,,,,,,,,,,,,,,,,,,,,,,,,,,,,,,,,,,,,,,,,,,,,,,,,,,,,,,,,,,,,,,,,,,,,,,,,,,,,,,,,,,,,,,,,,,,,,,,,,,,,,,,,,,,,,,,,,,,,,,,,,,,,,,,,
,,,,,,,,,,,,,,,,,,,,,,,,,,,,,,,,,,,,,,,,,,,,,,,,,,,,,,,,,,,,,,,,,,,,,,,,,,,,,,,,,R00376N_c_Day,,,,,,,,,,,,R04726_p_Day,,R01663_c_Day,,,,,,,,,,,,,R02063_c_Day,,,,,,,,,,,,,,,,,,,,,,,,,,,,,,,,,,,,,,,,,,,,,,,,,,,,,,,,,,,,,,,,,,R02444_c_Day,,,,,,,,,,,,,,,,,,,,,,,,,,,,,,,,,,,,,,,,,,,,,,,,,,,,,,,,,,,,,,,,,,,,,,,,,,,,,,,,,,,,,,,,,,,,,,,,,,,,,,,,,,,,,,,,,,,,,,,,,,,,,,,,,,,
,,,,,,,,,,,,,,,,,,,,,,,,,,,,,,,,,,,,,,,,,,,,,,,,,,,,,,,,,,,,,,,,,,,,,,,,,,,,,,,,,R01770_c_Day,,,,,,,,,,,,R07762_c_Day,,R02371_c_Day,,,,,,,,,,,,,R07504_c_Day,,,,,,,,,,,,,,,,,,,,,,,,,,,,,,,,,,,,,,,,,,,,,,,,,,,,,,,,,,,,,,,,,,R06542_c_Day,,,,,,,,,,,,,,,,,,,,,,,,,,,,,,,,,,,,,,,,,,,,,,,,,,,,,,,,,,,,,,,,,,,,,,,,,,,,,,,,,,,,,,,,,,,,,,,,,,,,,,,,,,,,,,,,,,,,,,,,,,,,,,,,,,,
,,,,,,,,,,,,,,,,,,,,,,,,,,,,,,,,,,,,,,,,,,,,,,,,,,,,,,,,,,,,,,,,,,,,,,,,,,,,,,,,,R02422_c_Day,,,,,,,,,,,,R04536_c_Day,,R00662_c_Day,,,,,,,,,,,,,R04800_c_Day,,,,,,,,,,,,,,,,,,,,,,,,,,,,,,,,,,,,,,,,,,,,,,,,,,,,,,,,,,,,,,,,,,R02158_c_Day,,,,,,,,,,,,,,,,,,,,,,,,,,,,,,,,,,,,,,,,,,,,,,,,,,,,,,,,,,,,,,,,,,,,,,,,,,,,,,,,,,,,,,,,,,,,,,,,,,,,,,,,,,,,,,,,,,,,,,,,,,,,,,,,,,,
,,,,,,,,,,,,,,,,,,,,,,,,,,,,,,,,,,,,,,,,,,,,,,,,,,,,,,,,,,,,,,,,,,,,,,,,,,,,,,,,,R01234_c_Day,,,,,,,,,,,,R04568_c_Day,,R00965_c_Day,,,,,,,,,,,,,R07489_c_Day,,,,,,,,,,,,,,,,,,,,,,,,,,,,,,,,,,,,,,,,,,,,,,,,,,,,,,,,,,,,,,,,,,R06568_c_Day,,,,,,,,,,,,,,,,,,,,,,,,,,,,,,,,,,,,,,,,,,,,,,,,,,,,,,,,,,,,,,,,,,,,,,,,,,,,,,,,,,,,,,,,,,,,,,,,,,,,,,,,,,,,,,,,,,,,,,,,,,,,,,,,,,,
,,,,,,,,,,,,,,,,,,,,,,,,,,,,,,,,,,,,,,,,,,,,,,,,,,,,,,,,,,,,,,,,,,,,,,,,,,,,,,,,,R00184_c_Day,,,,,,,,,,,,R08157_c_Day,,R02099_c_Day,,,,,,,,,,,,,R07492_c_Day,,,,,,,,,,,,,,,,,,,,,,,,,,,,,,,,,,,,,,,,,,,,,,,,,,,,,,,,,,,,,,,,,,R05036_c_Day,,,,,,,,,,,,,,,,,,,,,,,,,,,,,,,,,,,,,,,,,,,,,,,,,,,,,,,,,,,,,,,,,,,,,,,,,,,,,,,,,,,,,,,,,,,,,,,,,,,,,,,,,,,,,,,,,,,,,,,,,,,,,,,,,,,
,,,,,,,,,,,,,,,,,,,,,,,,,,,,,,,,,,,,,,,,,,,,,,,,,,,,,,,,,,,,,,,,,,,,,,,,,,,,,,,,,R01969_c_Day,,,,,,,,,,,,R04429_c_Day,,R02372_c_Day,,,,,,,,,,,,,R07498_c_Day,,,,,,,,,,,,,,,,,,,,,,,,,,,,,,,,,,,,,,,,,,,,,,,,,,,,,,,,,,,,,,,,,,R06543_c_Day,,,,,,,,,,,,,,,,,,,,,,,,,,,,,,,,,,,,,,,,,,,,,,,,,,,,,,,,,,,,,,,,,,,,,,,,,,,,,,,,,,,,,,,,,,,,,,,,,,,,,,,,,,,,,,,,,,,,,,,,,,,,,,,,,,,
,,,,,,,,,,,,,,,,,,,,,,,,,,,,,,,,,,,,,,,,,,,,,,,,,,,,,,,,,,,,,,,,,,,,,,,,,,,,,,,,,R02142_c_Day,,,,,,,,,,,,R04960_p_Day,,R00962_c_Day,,,,,,,,,,,,,R07488_c_Day,,,,,,,,,,,,,,,,,,,,,,,,,,,,,,,,,,,,,,,,,,,,,,,,,,,,,,,,,,,,,,,,,,R07989_c_Day,,,,,,,,,,,,,,,,,,,,,,,,,,,,,,,,,,,,,,,,,,,,,,,,,,,,,,,,,,,,,,,,,,,,,,,,,,,,,,,,,,,,,,,,,,,,,,,,,,,,,,,,,,,,,,,,,,,,,,,,,,,,,,,,,,,
,,,,,,,,,,,,,,,,,,,,,,,,,,,,,,,,,,,,,,,,,,,,,,,,,,,,,,,,,,,,,,,,,,,,,,,,,,,,,,,,,R00127_c_Day,,,,,,,,,,,,R04963_c_Day,,R00511_c_Day,,,,,,,,,,,,,R07493_c_Day,,,,,,,,,,,,,,,,,,,,,,,,,,,,,,,,,,,,,,,,,,,,,,,,,,,,,,,,,,,,,,,,,,R07995_c_Day,,,,,,,,,,,,,,,,,,,,,,,,,,,,,,,,,,,,,,,,,,,,,,,,,,,,,,,,,,,,,,,,,,,,,,,,,,,,,,,,,,,,,,,,,,,,,,,,,,,,,,,,,,,,,,,,,,,,,,,,,,,,,,,,,,,
,,,,,,,,,,,,,,,,,,,,,,,,,,,,,,,,,,,,,,,,,,,,,,,,,,,,,,,,,,,,,,,,,,,,,,,,,,,,,,,,,R01230_c_Day,,,,,,,,,,,,R08159_c_Day,,R00159_c_Day,,,,,,,,,,,,,R03200_c_Day,,,,,,,,,,,,,,,,,,,,,,,,,,,,,,,,,,,,,,,,,,,,,,,,,,,,,,,,,,,,,,,,,,,,,,,,,,,,,,,,,,,,,,,,,,,,,,,,,,,,,,,,,,,,,,,,,,,,,,,,,,,,,,,,,,,,,,,,,,,,,,,,,,,,,,,,,,,,,,,,,,,,,,,,,,,,,,,,,,,,,,,,,,,,,,,,,,,,,
,,,,,,,,,,,,,,,,,,,,,,,,,,,,,,,,,,,,,,,,,,,,,,,,,,,,,,,,,,,,,,,,,,,,,,,,,,,,,,,,,R01676_c_Day,,,,,,,,,,,,R04428_c_Day,,R02102_c_Day,,,,,,,,,,,,,R04786_c_Day,,,,,,,,,,,,,,,,,,,,,,,,,,,,,,,,,,,,,,,,,,,,,,,,,,,,,,,,,,,,,,,,,,,,,,,,,,,,,,,,,,,,,,,,,,,,,,,,,,,,,,,,,,,,,,,,,,,,,,,,,,,,,,,,,,,,,,,,,,,,,,,,,,,,,,,,,,,,,,,,,,,,,,,,,,,,,,,,,,,,,,,,,,,,,,,,,,,,,
,,,,,,,,,,,,,,,,,,,,,,,,,,,,,,,,,,,,,,,,,,,,,,,,,,,,,,,,,,,,,,,,,,,,,,,,,,,,,,,,,R04559_c_Day,,,,,,,,,,,,R04958_c_Day,,R04666_c_Day,,,,,,,,,,,,,R04804_c_Day,,,,,,,,,,,,,,,,,,,,,,,,,,,,,,,,,,,,,,,,,,,,,,,,,,,,,,,,,,,,,,,,,,,,,,,,,,,,,,,,,,,,,,,,,,,,,,,,,,,,,,,,,,,,,,,,,,,,,,,,,,,,,,,,,,,,,,,,,,,,,,,,,,,,,,,,,,,,,,,,,,,,,,,,,,,,,,,,,,,,,,,,,,,,,,,,,,,,,
,,,,,,,,,,,,,,,,,,,,,,,,,,,,,,,,,,,,,,,,,,,,,,,,,,,,,,,,,,,,,,,,,,,,,,,,,,,,,,,,,R04209_c_Day,,,,,,,,,,,,R01626_c_Day,,R01867_c_Day,,,,,,,,,,,,,R05883_c_Day,,,,,,,,,,,,,,,,,,,,,,,,,,,,,,,,,,,,,,,,,,,,,,,,,,,,,,,,,,,,,,,,,,,,,,,,,,,,,,,,,,,,,,,,,,,,,,,,,,,,,,,,,,,,,,,,,,,,,,,,,,,,,,,,,,,,,,,,,,,,,,,,,,,,,,,,,,,,,,,,,,,,,,,,,,,,,,,,,,,,,,,,,,,,,,,,,,,,,
,,,,,,,,,,,,,,,,,,,,,,,,,,,,,,,,,,,,,,,,,,,,,,,,,,,,,,,,,,,,,,,,,,,,,,,,,,,,,,,,,R01561_c_Day,,,,,,,,,,,,R04544_c_Day,,R01569_c_Day,,,,,,,,,,,,,R04801_c_Day,,,,,,,,,,,,,,,,,,,,,,,,,,,,,,,,,,,,,,,,,,,,,,,,,,,,,,,,,,,,,,,,,,,,,,,,,,,,,,,,,,,,,,,,,,,,,,,,,,,,,,,,,,,,,,,,,,,,,,,,,,,,,,,,,,,,,,,,,,,,,,,,,,,,,,,,,,,,,,,,,,,,,,,,,,,,,,,,,,,,,,,,,,,,,,,,,,,,,
,,,,,,,,,,,,,,,,,,,,,,,,,,,,,,,,,,,,,,,,,,,,,,,,,,,,,,,,,,,,,,,,,,,,,,,,,,,,,,,,,R00191_c_Day,,,,,,,,,,,,R04566_c_Day,,R00158_c_Day,,,,,,,,,,,,,R06962_c_Day,,,,,,,,,,,,,,,,,,,,,,,,,,,,,,,,,,,,,,,,,,,,,,,,,,,,,,,,,,,,,,,,,,,,,,,,,,,,,,,,,,,,,,,,,,,,,,,,,,,,,,,,,,,,,,,,,,,,,,,,,,,,,,,,,,,,,,,,,,,,,,,,,,,,,,,,,,,,,,,,,,,,,,,,,,,,,,,,,,,,,,,,,,,,,,,,,,,,,
,,,,,,,,,,,,,,,,,,,,,,,,,,,,,,,,,,,,,,,,,,,,,,,,,,,,,,,,,,,,,,,,,,,,,,,,,,,,,,,,,R01968_c_Day,,,,,,,,,,,,R04966_p_Day,,R00974_c_Day,,,,,,,,,,,,,R07491_c_Day,,,,,,,,,,,,,,,,,,,,,,,,,,,,,,,,,,,,,,,,,,,,,,,,,,,,,,,,,,,,,,,,,,,,,,,,,,,,,,,,,,,,,,,,,,,,,,,,,,,,,,,,,,,,,,,,,,,,,,,,,,,,,,,,,,,,,,,,,,,,,,,,,,,,,,,,,,,,,,,,,,,,,,,,,,,,,,,,,,,,,,,,,,,,,,,,,,,,,
,,,,,,,,,,,,,,,,,,,,,,,,,,,,,,,,,,,,,,,,,,,,,,,,,,,,,,,,,,,,,,,,,,,,,,,,,,,,,,,,,R06605_c_Day,,,,,,,,,,,,R04955_c_Day,,R00967_c_Day,,,,,,,,,,,,,,,,,,,,,,,,,,,,,,,,,,,,,,,,,,,,,,,,,,,,,,,,,,,,,,,,,,,,,,,,,,,,,,,,,,,,,,,,,,,,,,,,,,,,,,,,,,,,,,,,,,,,,,,,,,,,,,,,,,,,,,,,,,,,,,,,,,,,,,,,,,,,,,,,,,,,,,,,,,,,,,,,,,,,,,,,,,,,,,,,,,,,,,,,,,,,,,,,,,
,,,,,,,,,,,,,,,,,,,,,,,,,,,,,,,,,,,,,,,,,,,,,,,,,,,,,,,,,,,,,,,,,,,,,,,,,,,,,,,,,R02143_c_Day,,,,,,,,,,,,R04961_c_Day,,R00516_c_Day,,,,,,,,,,,,,,,,,,,,,,,,,,,,,,,,,,,,,,,,,,,,,,,,,,,,,,,,,,,,,,,,,,,,,,,,,,,,,,,,,,,,,,,,,,,,,,,,,,,,,,,,,,,,,,,,,,,,,,,,,,,,,,,,,,,,,,,,,,,,,,,,,,,,,,,,,,,,,,,,,,,,,,,,,,,,,,,,,,,,,,,,,,,,,,,,,,,,,,,,,,,,,,,,,,
,,,,,,,,,,,,,,,,,,,,,,,,,,,,,,,,,,,,,,,,,,,,,,,,,,,,,,,,,,,,,,,,,,,,,,,,,,,,,,,,,R00089_c_Day,,,,,,,,,,,,R08163_c_Day,,R01878_c_Day,,,,,,,,,,,,,,,,,,,,,,,,,,,,,,,,,,,,,,,,,,,,,,,,,,,,,,,,,,,,,,,,,,,,,,,,,,,,,,,,,,,,,,,,,,,,,,,,,,,,,,,,,,,,,,,,,,,,,,,,,,,,,,,,,,,,,,,,,,,,,,,,,,,,,,,,,,,,,,,,,,,,,,,,,,,,,,,,,,,,,,,,,,,,,,,,,,,,,,,,,,,,,,,,,,
,,,,,,,,,,,,,,,,,,,,,,,,,,,,,,,,,,,,,,,,,,,,,,,,,,,,,,,,,,,,,,,,,,,,,,,,,,,,,,,,,R00086_c_Day,,,,,,,,,,,,R04534_c_Day,,R01993_c_Day,,,,,,,,,,,,,,,,,,,,,,,,,,,,,,,,,,,,,,,,,,,,,,,,,,,,,,,,,,,,,,,,,,,,,,,,,,,,,,,,,,,,,,,,,,,,,,,,,,,,,,,,,,,,,,,,,,,,,,,,,,,,,,,,,,,,,,,,,,,,,,,,,,,,,,,,,,,,,,,,,,,,,,,,,,,,,,,,,,,,,,,,,,,,,,,,,,,,,,,,,,,,,,,,,,
,,,,,,,,,,,,,,,,,,,,,,,,,,,,,,,,,,,,,,,,,,,,,,,,,,,,,,,,,,,,,,,,,,,,,,,,,,,,,,,,,R00426_c_Day,,,,,,,,,,,,R04960_c_Day,,R00968_c_Day,,,,,,,,,,,,,,,,,,,,,,,,,,,,,,,,,,,,,,,,,,,,,,,,,,,,,,,,,,,,,,,,,,,,,,,,,,,,,,,,,,,,,,,,,,,,,,,,,,,,,,,,,,,,,,,,,,,,,,,,,,,,,,,,,,,,,,,,,,,,,,,,,,,,,,,,,,,,,,,,,,,,,,,,,,,,,,,,,,,,,,,,,,,,,,,,,,,,,,,,,,,,,,,,,,
,,,,,,,,,,,,,,,,,,,,,,,,,,,,,,,,,,,,,,,,,,,,,,,,,,,,,,,,,,,,,,,,,,,,,,,,,,,,,,,,,R01857_c_Day,,,,,,,,,,,,R04568_p_Day,,R02326_c_Day,,,,,,,,,,,,,,,,,,,,,,,,,,,,,,,,,,,,,,,,,,,,,,,,,,,,,,,,,,,,,,,,,,,,,,,,,,,,,,,,,,,,,,,,,,,,,,,,,,,,,,,,,,,,,,,,,,,,,,,,,,,,,,,,,,,,,,,,,,,,,,,,,,,,,,,,,,,,,,,,,,,,,,,,,,,,,,,,,,,,,,,,,,,,,,,,,,,,,,,,,,,,,,,,,,
,,,,,,,,,,,,,,,,,,,,,,,,,,,,,,,,,,,,,,,,,,,,,,,,,,,,,,,,,,,,,,,,,,,,,,,,,,,,,,,,,R02297_c_Day,,,,,,,,,,,,R04969_p_Day,,R01080_c_Day,,,,,,,,,,,,,,,,,,,,,,,,,,,,,,,,,,,,,,,,,,,,,,,,,,,,,,,,,,,,,,,,,,,,,,,,,,,,,,,,,,,,,,,,,,,,,,,,,,,,,,,,,,,,,,,,,,,,,,,,,,,,,,,,,,,,,,,,,,,,,,,,,,,,,,,,,,,,,,,,,,,,,,,,,,,,,,,,,,,,,,,,,,,,,,,,,,,,,,,,,,,,,,,,,,
,,,,,,,,,,,,,,,,,,,,,,,,,,,,,,,,,,,,,,,,,,,,,,,,,,,,,,,,,,,,,,,,,,,,,,,,,,,,,,,,,R01054_c_Day,,,,,,,,,,,,R04964_c_Day,,R02095_c_Day,,,,,,,,,,,,,,,,,,,,,,,,,,,,,,,,,,,,,,,,,,,,,,,,,,,,,,,,,,,,,,,,,,,,,,,,,,,,,,,,,,,,,,,,,,,,,,,,,,,,,,,,,,,,,,,,,,,,,,,,,,,,,,,,,,,,,,,,,,,,,,,,,,,,,,,,,,,,,,,,,,,,,,,,,,,,,,,,,,,,,,,,,,,,,,,,,,,,,,,,,,,,,,,,,,
,,,,,,,,,,,,,,,,,,,,,,,,,,,,,,,,,,,,,,,,,,,,,,,,,,,,,,,,,,,,,,,,,,,,,,,,,,,,,,,,,R02106_c_Day,,,,,,,,,,,,R04964_p_Day,,R02098_c_Day,,,,,,,,,,,,,,,,,,,,,,,,,,,,,,,,,,,,,,,,,,,,,,,,,,,,,,,,,,,,,,,,,,,,,,,,,,,,,,,,,,,,,,,,,,,,,,,,,,,,,,,,,,,,,,,,,,,,,,,,,,,,,,,,,,,,,,,,,,,,,,,,,,,,,,,,,,,,,,,,,,,,,,,,,,,,,,,,,,,,,,,,,,,,,,,,,,,,,,,,,,,,,,,,,,
,,,,,,,,,,,,,,,,,,,,,,,,,,,,,,,,,,,,,,,,,,,,,,,,,,,,,,,,,,,,,,,,,,,,,,,,,,,,,,,,,R02147_c_Day,,,,,,,,,,,,R04968_c_Day,,R02331_c_Day,,,,,,,,,,,,,,,,,,,,,,,,,,,,,,,,,,,,,,,,,,,,,,,,,,,,,,,,,,,,,,,,,,,,,,,,,,,,,,,,,,,,,,,,,,,,,,,,,,,,,,,,,,,,,,,,,,,,,,,,,,,,,,,,,,,,,,,,,,,,,,,,,,,,,,,,,,,,,,,,,,,,,,,,,,,,,,,,,,,,,,,,,,,,,,,,,,,,,,,,,,,,,,,,,,
,,,,,,,,,,,,,,,,,,,,,,,,,,,,,,,,,,,,,,,,,,,,,,,,,,,,,,,,,,,,,,,,,,,,,,,,,,,,,,,,,R00507_c_Day,,,,,,,,,,,,R01624_c_Day,,R00512_c_Day,,,,,,,,,,,,,,,,,,,,,,,,,,,,,,,,,,,,,,,,,,,,,,,,,,,,,,,,,,,,,,,,,,,,,,,,,,,,,,,,,,,,,,,,,,,,,,,,,,,,,,,,,,,,,,,,,,,,,,,,,,,,,,,,,,,,,,,,,,,,,,,,,,,,,,,,,,,,,,,,,,,,,,,,,,,,,,,,,,,,,,,,,,,,,,,,,,,,,,,,,,,,,,,,,,
,,,,,,,,,,,,,,,,,,,,,,,,,,,,,,,,,,,,,,,,,,,,,,,,,,,,,,,,,,,,,,,,,,,,,,,,,,,,,,,,,R00434_c_Day,,,,,,,,,,,,R08162_c_Day,,R02024_c_Day,,,,,,,,,,,,,,,,,,,,,,,,,,,,,,,,,,,,,,,,,,,,,,,,,,,,,,,,,,,,,,,,,,,,,,,,,,,,,,,,,,,,,,,,,,,,,,,,,,,,,,,,,,,,,,,,,,,,,,,,,,,,,,,,,,,,,,,,,,,,,,,,,,,,,,,,,,,,,,,,,,,,,,,,,,,,,,,,,,,,,,,,,,,,,,,,,,,,,,,,,,,,,,,,,,
,,,,,,,,,,,,,,,,,,,,,,,,,,,,,,,,,,,,,,,,,,,,,,,,,,,,,,,,,,,,,,,,,,,,,,,,,,,,,,,,,R02107_c_Day,,,,,,,,,,,,R04355_c_Day,,R02096_c_Day,,,,,,,,,,,,,,,,,,,,,,,,,,,,,,,,,,,,,,,,,,,,,,,,,,,,,,,,,,,,,,,,,,,,,,,,,,,,,,,,,,,,,,,,,,,,,,,,,,,,,,,,,,,,,,,,,,,,,,,,,,,,,,,,,,,,,,,,,,,,,,,,,,,,,,,,,,,,,,,,,,,,,,,,,,,,,,,,,,,,,,,,,,,,,,,,,,,,,,,,,,,,,,,,,,
,,,,,,,,,,,,,,,,,,,,,,,,,,,,,,,,,,,,,,,,,,,,,,,,,,,,,,,,,,,,,,,,,,,,,,,,,,,,,,,,,R04144_c_Day,,,,,,,,,,,,R04544_p_Day,,,,,,,,,,,,,,,,,,,,,,,,,,,,,,,,,,,,,,,,,,,,,,,,,,,,,,,,,,,,,,,,,,,,,,,,,,,,,,,,,,,,,,,,,,,,,,,,,,,,,,,,,,,,,,,,,,,,,,,,,,,,,,,,,,,,,,,,,,,,,,,,,,,,,,,,,,,,,,,,,,,,,,,,,,,,,,,,,,,,,,,,,,,,,,,,,,,,,,,,,,,,,,,,,,,,
,,,,,,,,,,,,,,,,,,,,,,,,,,,,,,,,,,,,,,,,,,,,,,,,,,,,,,,,,,,,,,,,,,,,,,,,,,,,,,,,,R00122_c_Day,,,,,,,,,,,,R04355_p_Day,,,,,,,,,,,,,,,,,,,,,,,,,,,,,,,,,,,,,,,,,,,,,,,,,,,,,,,,,,,,,,,,,,,,,,,,,,,,,,,,,,,,,,,,,,,,,,,,,,,,,,,,,,,,,,,,,,,,,,,,,,,,,,,,,,,,,,,,,,,,,,,,,,,,,,,,,,,,,,,,,,,,,,,,,,,,,,,,,,,,,,,,,,,,,,,,,,,,,,,,,,,,,,,,,,,,
,,,,,,,,,,,,,,,,,,,,,,,,,,,,,,,,,,,,,,,,,,,,,,,,,,,,,,,,,,,,,,,,,,,,,,,,,,,,,,,,,R00330_c_Day,,,,,,,,,,,,R04966_c_Day,,,,,,,,,,,,,,,,,,,,,,,,,,,,,,,,,,,,,,,,,,,,,,,,,,,,,,,,,,,,,,,,,,,,,,,,,,,,,,,,,,,,,,,,,,,,,,,,,,,,,,,,,,,,,,,,,,,,,,,,,,,,,,,,,,,,,,,,,,,,,,,,,,,,,,,,,,,,,,,,,,,,,,,,,,,,,,,,,,,,,,,,,,,,,,,,,,,,,,,,,,,,,,,,,,,,
,,,,,,,,,,,,,,,,,,,,,,,,,,,,,,,,,,,,,,,,,,,,,,,,,,,,,,,,,,,,,,,,,,,,,,,,,,,,,,,,,R04732_c_Day,,,,,,,,,,,,R04534_p_Day,,,,,,,,,,,,,,,,,,,,,,,,,,,,,,,,,,,,,,,,,,,,,,,,,,,,,,,,,,,,,,,,,,,,,,,,,,,,,,,,,,,,,,,,,,,,,,,,,,,,,,,,,,,,,,,,,,,,,,,,,,,,,,,,,,,,,,,,,,,,,,,,,,,,,,,,,,,,,,,,,,,,,,,,,,,,,,,,,,,,,,,,,,,,,,,,,,,,,,,,,,,,,,,,,,,,
,,,,,,,,,,,,,,,,,,,,,,,,,,,,,,,,,,,,,,,,,,,,,,,,,,,,,,,,,,,,,,,,,,,,,,,,,,,,,,,,,R00126_c_Day,,,,,,,,,,,,R04533_c_Day,,,,,,,,,,,,,,,,,,,,,,,,,,,,,,,,,,,,,,,,,,,,,,,,,,,,,,,,,,,,,,,,,,,,,,,,,,,,,,,,,,,,,,,,,,,,,,,,,,,,,,,,,,,,,,,,,,,,,,,,,,,,,,,,,,,,,,,,,,,,,,,,,,,,,,,,,,,,,,,,,,,,,,,,,,,,,,,,,,,,,,,,,,,,,,,,,,,,,,,,,,,,,,,,,,,,
,,,,,,,,,,,,,,,,,,,,,,,,,,,,,,,,,,,,,,,,,,,,,,,,,,,,,,,,,,,,,,,,,,,,,,,,,,,,,,,,,R00181_c_Day,,,,,,,,,,,,,,,,,,,,,,,,,,,,,,,,,,,,,,,,,,,,,,,,,,,,,,,,,,,,,,,,,,,,,,,,,,,,,,,,,,,,,,,,,,,,,,,,,,,,,,,,,,,,,,,,,,,,,,,,,,,,,,,,,,,,,,,,,,,,,,,,,,,,,,,,,,,,,,,,,,,,,,,,,,,,,,,,,,,,,,,,,,,,,,,,,,,,,,,,,,,,,,,,,,,,,,,,,,,,,,,,
,,,,,,,,,,,,,,,,,,,,,,,,,,,,,,,,,,,,,,,,,,,,,,,,,,,,,,,,,,,,,,,,,,,,,,,,,,,,,,,,,R02805_c_Day,,,,,,,,,,,,,,,,,,,,,,,,,,,,,,,,,,,,,,,,,,,,,,,,,,,,,,,,,,,,,,,,,,,,,,,,,,,,,,,,,,,,,,,,,,,,,,,,,,,,,,,,,,,,,,,,,,,,,,,,,,,,,,,,,,,,,,,,,,,,,,,,,,,,,,,,,,,,,,,,,,,,,,,,,,,,,,,,,,,,,,,,,,,,,,,,,,,,,,,,,,,,,,,,,,,,,,,,,,,,,,,,
,,,,,,,,,,,,,,,,,,,,,,,,,,,,,,,,,,,,,,,,,,,,,,,,,,,,,,,,,,,,,,,,,,,,,,,,,,,,,,,,,R01131_c_Day,,,,,,,,,,,,,,,,,,,,,,,,,,,,,,,,,,,,,,,,,,,,,,,,,,,,,,,,,,,,,,,,,,,,,,,,,,,,,,,,,,,,,,,,,,,,,,,,,,,,,,,,,,,,,,,,,,,,,,,,,,,,,,,,,,,,,,,,,,,,,,,,,,,,,,,,,,,,,,,,,,,,,,,,,,,,,,,,,,,,,,,,,,,,,,,,,,,,,,,,,,,,,,,,,,,,,,,,,,,,,,,,
,,,,,,,,,,,,,,,,,,,,,,,,,,,,,,,,,,,,,,,,,,,,,,,,,,,,,,,,,,,,,,,,,,,,,,,,,,,,,,,,,R00722_c_Day,,,,,,,,,,,,,,,,,,,,,,,,,,,,,,,,,,,,,,,,,,,,,,,,,,,,,,,,,,,,,,,,,,,,,,,,,,,,,,,,,,,,,,,,,,,,,,,,,,,,,,,,,,,,,,,,,,,,,,,,,,,,,,,,,,,,,,,,,,,,,,,,,,,,,,,,,,,,,,,,,,,,,,,,,,,,,,,,,,,,,,,,,,,,,,,,,,,,,,,,,,,,,,,,,,,,,,,,,,,,,,,,
,,,,,,,,,,,,,,,,,,,,,,,,,,,,,,,,,,,,,,,,,,,,,,,,,,,,,,,,,,,,,,,,,,,,,,,,,,,,,,,,,R01227_c_Day,,,,,,,,,,,,,,,,,,,,,,,,,,,,,,,,,,,,,,,,,,,,,,,,,,,,,,,,,,,,,,,,,,,,,,,,,,,,,,,,,,,,,,,,,,,,,,,,,,,,,,,,,,,,,,,,,,,,,,,,,,,,,,,,,,,,,,,,,,,,,,,,,,,,,,,,,,,,,,,,,,,,,,,,,,,,,,,,,,,,,,,,,,,,,,,,,,,,,,,,,,,,,,,,,,,,,,,,,,,,,,,,
,,,,,,,,,,,,,,,,,,,,,,,,,,,,,,,,,,,,,,,,,,,,,,,,,,,,,,,,,,,,,,,,,,,,,,,,,,,,,,,,,R01137_c_Day,,,,,,,,,,,,,,,,,,,,,,,,,,,,,,,,,,,,,,,,,,,,,,,,,,,,,,,,,,,,,,,,,,,,,,,,,,,,,,,,,,,,,,,,,,,,,,,,,,,,,,,,,,,,,,,,,,,,,,,,,,,,,,,,,,,,,,,,,,,,,,,,,,,,,,,,,,,,,,,,,,,,,,,,,,,,,,,,,,,,,,,,,,,,,,,,,,,,,,,,,,,,,,,,,,,,,,,,,,,,,,,,
,,,,,,,,,,,,,,,,,,,,,,,,,,,,,,,,,,,,,,,,,,,,,,,,,,,,,,,,,,,,,,,,,,,,,,,,,,,,,,,,,R01863_c_Day,,,,,,,,,,,,,,,,,,,,,,,,,,,,,,,,,,,,,,,,,,,,,,,,,,,,,,,,,,,,,,,,,,,,,,,,,,,,,,,,,,,,,,,,,,,,,,,,,,,,,,,,,,,,,,,,,,,,,,,,,,,,,,,,,,,,,,,,,,,,,,,,,,,,,,,,,,,,,,,,,,,,,,,,,,,,,,,,,,,,,,,,,,,,,,,,,,,,,,,,,,,,,,,,,,,,,,,,,,,,,,,,
,,,,,,,,,,,,,,,,,,,,,,,,,,,,,,,,,,,,,,,,,,,,,,,,,,,,,,,,,,,,,,,,,,,,,,,,,,,,,,,,,R02017_c_Day,,,,,,,,,,,,,,,,,,,,,,,,,,,,,,,,,,,,,,,,,,,,,,,,,,,,,,,,,,,,,,,,,,,,,,,,,,,,,,,,,,,,,,,,,,,,,,,,,,,,,,,,,,,,,,,,,,,,,,,,,,,,,,,,,,,,,,,,,,,,,,,,,,,,,,,,,,,,,,,,,,,,,,,,,,,,,,,,,,,,,,,,,,,,,,,,,,,,,,,,,,,,,,,,,,,,,,,,,,,,,,,,
,,,,,,,,,,,,,,,,,,,,,,,,,,,,,,,,,,,,,,,,,,,,,,,,,,,,,,,,,,,,,,,,,,,,,,,,,,,,,,,,,R02090_c_Day,,,,,,,,,,,,,,,,,,,,,,,,,,,,,,,,,,,,,,,,,,,,,,,,,,,,,,,,,,,,,,,,,,,,,,,,,,,,,,,,,,,,,,,,,,,,,,,,,,,,,,,,,,,,,,,,,,,,,,,,,,,,,,,,,,,,,,,,,,,,,,,,,,,,,,,,,,,,,,,,,,,,,,,,,,,,,,,,,,,,,,,,,,,,,,,,,,,,,,,,,,,,,,,,,,,,,,,,,,,,,,,,
,,,,,,,,,,,,,,,,,,,,,,,,,,,,,,,,,,,,,,,,,,,,,,,,,,,,,,,,,,,,,,,,,,,,,,,,,,,,,,,,,R01132_c_Day,,,,,,,,,,,,,,,,,,,,,,,,,,,,,,,,,,,,,,,,,,,,,,,,,,,,,,,,,,,,,,,,,,,,,,,,,,,,,,,,,,,,,,,,,,,,,,,,,,,,,,,,,,,,,,,,,,,,,,,,,,,,,,,,,,,,,,,,,,,,,,,,,,,,,,,,,,,,,,,,,,,,,,,,,,,,,,,,,,,,,,,,,,,,,,,,,,,,,,,,,,,,,,,,,,,,,,,,,,,,,,,,
,,,,,,,,,,,,,,,,,,,,,,,,,,,,,,,,,,,,,,,,,,,,,,,,,,,,,,,,,,,,,,,,,,,,,,,,,,,,,,,,,R01547_c_Day,,,,,,,,,,,,,,,,,,,,,,,,,,,,,,,,,,,,,,,,,,,,,,,,,,,,,,,,,,,,,,,,,,,,,,,,,,,,,,,,,,,,,,,,,,,,,,,,,,,,,,,,,,,,,,,,,,,,,,,,,,,,,,,,,,,,,,,,,,,,,,,,,,,,,,,,,,,,,,,,,,,,,,,,,,,,,,,,,,,,,,,,,,,,,,,,,,,,,,,,,,,,,,,,,,,,,,,,,,,,,,,,
,,,,,,,,,,,,,,,,,,,,,,,,,,,,,,,,,,,,,,,,,,,,,,,,,,,,,,,,,,,,,,,,,,,,,,,,,,,,,,,,,R01130_c_Day,,,,,,,,,,,,,,,,,,,,,,,,,,,,,,,,,,,,,,,,,,,,,,,,,,,,,,,,,,,,,,,,,,,,,,,,,,,,,,,,,,,,,,,,,,,,,,,,,,,,,,,,,,,,,,,,,,,,,,,,,,,,,,,,,,,,,,,,,,,,,,,,,,,,,,,,,,,,,,,,,,,,,,,,,,,,,,,,,,,,,,,,,,,,,,,,,,,,,,,,,,,,,,,,,,,,,,,,,,,,,,,,
,,,,,,,,,,,,,,,,,,,,,,,,,,,,,,,,,,,,,,,,,,,,,,,,,,,,,,,,,,,,,,,,,,,,,,,,,,,,,,,,,R01768_c_Day,,,,,,,,,,,,,,,,,,,,,,,,,,,,,,,,,,,,,,,,,,,,,,,,,,,,,,,,,,,,,,,,,,,,,,,,,,,,,,,,,,,,,,,,,,,,,,,,,,,,,,,,,,,,,,,,,,,,,,,,,,,,,,,,,,,,,,,,,,,,,,,,,,,,,,,,,,,,,,,,,,,,,,,,,,,,,,,,,,,,,,,,,,,,,,,,,,,,,,,,,,,,,,,,,,,,,,,,,,,,,,,,
,,,,,,,,,,,,,,,,,,,,,,,,,,,,,,,,,,,,,,,,,,,,,,,,,,,,,,,,,,,,,,,,,,,,,,,,,,,,,,,,,R03531_c_Day,,,,,,,,,,,,,,,,,,,,,,,,,,,,,,,,,,,,,,,,,,,,,,,,,,,,,,,,,,,,,,,,,,,,,,,,,,,,,,,,,,,,,,,,,,,,,,,,,,,,,,,,,,,,,,,,,,,,,,,,,,,,,,,,,,,,,,,,,,,,,,,,,,,,,,,,,,,,,,,,,,,,,,,,,,,,,,,,,,,,,,,,,,,,,,,,,,,,,,,,,,,,,,,,,,,,,,,,,,,,,,,,
,,,,,,,,,,,,,,,,,,,,,,,,,,,,,,,,,,,,,,,,,,,,,,,,,,,,,,,,,,,,,,,,,,,,,,,,,,,,,,,,,R01126_c_Day,,,,,,,,,,,,,,,,,,,,,,,,,,,,,,,,,,,,,,,,,,,,,,,,,,,,,,,,,,,,,,,,,,,,,,,,,,,,,,,,,,,,,,,,,,,,,,,,,,,,,,,,,,,,,,,,,,,,,,,,,,,,,,,,,,,,,,,,,,,,,,,,,,,,,,,,,,,,,,,,,,,,,,,,,,,,,,,,,,,,,,,,,,,,,,,,,,,,,,,,,,,,,,,,,,,,,,,,,,,,,,,,
,,,,,,,,,,,,,,,,,,,,,,,,,,,,,,,,,,,,,,,,,,,,,,,,,,,,,,,,,,,,,,,,,,,,,,,,,,,,,,,,,R00720_c_Day,,,,,,,,,,,,,,,,,,,,,,,,,,,,,,,,,,,,,,,,,,,,,,,,,,,,,,,,,,,,,,,,,,,,,,,,,,,,,,,,,,,,,,,,,,,,,,,,,,,,,,,,,,,,,,,,,,,,,,,,,,,,,,,,,,,,,,,,,,,,,,,,,,,,,,,,,,,,,,,,,,,,,,,,,,,,,,,,,,,,,,,,,,,,,,,,,,,,,,,,,,,,,,,,,,,,,,,,,,,,,,,,
,,,,,,,,,,,,,,,,,,,,,,,,,,,,,,,,,,,,,,,,,,,,,,,,,,,,,,,,,,,,,,,,,,,,,,,,,,,,,,,,,R01855_c_Day,,,,,,,,,,,,,,,,,,,,,,,,,,,,,,,,,,,,,,,,,,,,,,,,,,,,,,,,,,,,,,,,,,,,,,,,,,,,,,,,,,,,,,,,,,,,,,,,,,,,,,,,,,,,,,,,,,,,,,,,,,,,,,,,,,,,,,,,,,,,,,,,,,,,,,,,,,,,,,,,,,,,,,,,,,,,,,,,,,,,,,,,,,,,,,,,,,,,,,,,,,,,,,,,,,,,,,,,,,,,,,,,
,,,,,,,,,,,,,,,,,,,,,,,,,,,,,,,,,,,,,,,,,,,,,,,,,,,,,,,,,,,,,,,,,,,,,,,,,,,,,,,,,R04591_c_Day,,,,,,,,,,,,,,,,,,,,,,,,,,,,,,,,,,,,,,,,,,,,,,,,,,,,,,,,,,,,,,,,,,,,,,,,,,,,,,,,,,,,,,,,,,,,,,,,,,,,,,,,,,,,,,,,,,,,,,,,,,,,,,,,,,,,,,,,,,,,,,,,,,,,,,,,,,,,,,,,,,,,,,,,,,,,,,,,,,,,,,,,,,,,,,,,,,,,,,,,,,,,,,,,,,,,,,,,,,,,,,,,
,,,,,,,,,,,,,,,,,,,,,,,,,,,,,,,,,,,,,,,,,,,,,,,,,,,,,,,,,,,,,,,,,,,,,,,,,,,,,,,,,R01769_c_Day,,,,,,,,,,,,,,,,,,,,,,,,,,,,,,,,,,,,,,,,,,,,,,,,,,,,,,,,,,,,,,,,,,,,,,,,,,,,,,,,,,,,,,,,,,,,,,,,,,,,,,,,,,,,,,,,,,,,,,,,,,,,,,,,,,,,,,,,,,,,,,,,,,,,,,,,,,,,,,,,,,,,,,,,,,,,,,,,,,,,,,,,,,,,,,,,,,,,,,,,,,,,,,,,,,,,,,,,,,,,,,,,
,,,,,,,,,,,,,,,,,,,,,,,,,,,,,,,,,,,,,,,,,,,,,,,,,,,,,,,,,,,,,,,,,,,,,,,,,,,,,,,,,R02719_c_Day,,,,,,,,,,,,,,,,,,,,,,,,,,,,,,,,,,,,,,,,,,,,,,,,,,,,,,,,,,,,,,,,,,,,,,,,,,,,,,,,,,,,,,,,,,,,,,,,,,,,,,,,,,,,,,,,,,,,,,,,,,,,,,,,,,,,,,,,,,,,,,,,,,,,,,,,,,,,,,,,,,,,,,,,,,,,,,,,,,,,,,,,,,,,,,,,,,,,,,,,,,,,,,,,,,,,,,,,,,,,,,,,
